Date,Occasion,Section,Species,Length,Comment
10/31/2020,1,1,DAT,35,
10/31/2020,1,1,RBS,35,
10/31/2020,1,2,DAT,46,
10/31/2020,1,3,BHC,62,
10/31/2020,1,3,DAT,55,
10/31/2020,1,3,BHC,39,
10/31/2020,1,3,DAT,61,
10/31/2020,1,3,DAT,58,
10/31/2020,1,3,BHC,49,
10/31/2020,1,3,BHC,42,
10/31/2020,1,3,DAT,52,
10/31/2020,1,3,BHC,32,
10/31/2020,1,4,BLG,55,
10/31/2020,1,5,RBS,35,
10/31/2020,1,6,BLG,92,dead
10/31/2020,1,7,BHC,42,
10/31/2020,1,7,DAT,59,
10/31/2020,1,7,DAT,49,
10/31/2020,1,8,CRC,29,
10/31/2020,1,9,DAT,59,
10/31/2020,1,9,DAT,62,
10/31/2020,1,9,DAT,32,
10/31/2020,1,10,RBS,57,
10/31/2020,1,10,DAT,37,
11/4/2020,1,11,RBS,58,
11/4/2020,1,11,RBS,59,
11/4/2020,1,11,RBS,50,
11/4/2020,1,11,RBS,55,
11/4/2020,1,11,RBS,35,
11/4/2020,1,11,BLG,57,
11/4/2020,1,11,BLG,55,
11/4/2020,1,11,BHC,42,
11/4/2020,1,11,BHC,50,
11/4/2020,1,11,BHC,41,
11/4/2020,1,11,BHC,42,
11/4/2020,1,11,DAT,53,
11/4/2020,1,12,BLG,43,
11/4/2020,1,13,Shiner,83,
11/4/2020,1,14,NA,NA,no fish
11/4/2020,1,15,RBS,55,
11/4/2020,1,15,RBS,29,
11/4/2020,1,15,RBS,38,
11/4/2020,1,15,DAT,47,
11/4/2020,1,15,DAT,50,
11/4/2020,1,15,DAT,31,
11/4/2020,1,15,DAT,32,
11/4/2020,1,16,BHC,52,
11/4/2020,1,16,BHC,43,
11/4/2020,1,16,DAT,62,
11/4/2020,1,16,DAT,50,
11/4/2020,1,16,DAT,41,
11/4/2020,1,16,RBS,27,
11/4/2020,1,17,Killifish,73,
11/4/2020,1,17,BHC,45,
11/4/2020,1,17,BHC,41,
11/4/2020,1,17,RBS,27,
11/4/2020,1,17,RBS,52,
11/4/2020,1,18,BHC,55,
11/4/2020,1,18,BHC,42,
11/4/2020,1,18,DAT,51,
11/4/2020,1,18,DAT,52,
11/4/2020,1,18,DAT,55,
11/4/2020,1,18,DAT,47,
11/4/2020,1,19,DAT,50,
11/4/2020,1,19,DAT,58,
11/4/2020,1,19,CRC,48,
11/4/2020,1,19,BHC,35,
11/4/2020,1,19,RBS,53,
11/4/2020,1,20,Shiner,78,
11/4/2020,1,20,LMB,122,
11/7/2020,1,21,BHC,61,
11/7/2020,1,22,GSF,62,
11/7/2020,1,22,DAT,54,
11/7/2020,1,22,DAT,55,
11/7/2020,1,22,GSF,35,
11/7/2020,1,23,Killifish,67,
11/7/2020,1,23,DAT,67,
11/7/2020,1,23,RBS,30,
11/7/2020,1,24,LMB,77,
11/7/2020,1,24,DAT,29,
11/7/2020,1,24,DAT,28,
11/7/2020,1,24,DAT,28,
11/7/2020,1,25,BHC,38,
11/7/2020,1,25,BHC,39,
11/7/2020,1,26,DAT,55,
11/7/2020,1,26,BHC,39,
11/7/2020,1,26,BHC,40,
11/7/2020,1,27,DAT,42,
11/7/2020,1,27,DAT,50,
11/7/2020,1,27,DAT,58,
11/7/2020,1,27,BHC,41,
11/7/2020,1,27,BHC,38,
11/7/2020,1,27,CRC,29,
11/7/2020,1,27,DAT,53,
11/7/2020,1,28,BHC,48,
11/7/2020,1,28,BHC,39,
11/7/2020,1,28,BHC,30,
11/7/2020,1,28,RBS,29,
11/7/2020,1,28,CRC,52,
11/7/2020,1,28,BHC,40,
11/7/2020,1,28,Madtom,37,
11/7/2020,1,29,Shiner,78,
11/7/2020,1,29,GSF,33,
11/7/2020,1,29,DAT,22,
11/7/2020,1,30,GSF,48,
11/7/2020,1,31,GSF,37,
11/7/2020,1,31,RBS,25,
11/7/2020,1,32,GSF,31,
11/7/2020,1,32,RBS,58,
11/7/2020,1,32,Madtom,49,
11/7/2020,1,32,Shiner,74,
11/7/2020,1,32,DAT,57,
11/7/2020,1,33,DAT,63,
11/7/2020,1,33,BHC,54,
11/7/2020,1,33,BHC,52,
11/7/2020,1,33,BHC,38,
11/7/2020,1,33,CRC,31,
11/7/2020,1,33,CCS,39,
11/7/2020,1,33,BHC,34,
11/7/2020,1,33,BHC,29,
11/7/2020,1,34,CRC,46,
11/7/2020,1,34,GSF,45,
11/7/2020,1,34,DAT,57,
11/7/2020,1,35,RBS,59,
11/7/2020,1,35,RBS,58,
11/7/2020,1,35,GSF,29,
11/7/2020,1,36,BHC,38,
11/7/2020,1,36,GSF,36,
11/7/2020,1,37,LMB,161,
11/7/2020,1,38,DAT,57,
11/7/2020,1,39,BHC,74,
11/7/2020,1,39,LMB,120,
11/7/2020,1,39,DAT,58,
11/7/2020,1,40,BHC,37,
11/7/2020,1,40,DAT,26,
11/7/2020,1,40,DAT,47,
11/7/2020,1,40,DAT,55,
11/7/2020,1,40,DAT,48,
11/7/2020,1,40,DAT,60,
11/7/2020,1,41,DAT,56,
11/7/2020,1,41,DAT,46,
11/7/2020,1,41,DAT,57,
11/7/2020,1,41,RBS,30,
11/7/2020,1,42,Shiner,84,
11/7/2020,1,42,Shiner,87,
11/7/2020,1,42,RBS,59,
11/7/2020,1,42,BHC,43,
11/7/2020,1,42,DAT,77,
11/7/2020,1,42,RBS,35,
11/7/2020,1,42,RBS,60,
11/7/2020,1,43,BHC,36,
11/7/2020,1,43,CRC,41,
11/7/2020,1,43,BHC,35,
11/7/2020,1,43,BHC,34,
11/7/2020,1,43,CRC,55,
11/7/2020,1,43,CRC,46,
11/7/2020,1,43,BHC,42,
11/7/2020,1,43,BHC,31,
11/7/2020,1,43,BHC,40,
11/7/2020,1,43,RBS,35,
11/7/2020,1,43,BHC,35,
11/7/2020,1,43,BHC,46,
11/7/2020,1,43,CRC,27,
11/7/2020,1,43,DAT,55,
11/7/2020,1,43,DAT,56,
11/7/2020,1,43,DAT,47,
11/7/2020,1,43,BHC,48,
11/7/2020,1,43,BHC,35,
11/7/2020,1,43,BHC,40,
2/6/2021,2,1,BLG,75,dead
2/6/2021,2,1,GSF,37,
2/6/2021,2,1,GSF,44,
2/6/2021,2,1,GSF,38,
2/6/2021,2,1,GSF,38,
2/6/2021,2,1,GSF,44,
2/6/2021,2,1,DAT,43,
2/6/2021,2,2,BLG,72,dead
2/6/2021,2,2,BLG,77,dead
2/6/2021,2,2,BLG,58,
2/6/2021,2,2,BLG,35,
2/6/2021,2,2,DAT,44,
2/6/2021,2,2,DAT,39,
2/6/2021,2,3,DAT,43,
2/6/2021,2,3,DAT,52,
2/6/2021,2,3,DAT,47,
2/6/2021,2,3,DAT,49,
2/6/2021,2,3,DAT,58,
2/6/2021,2,3,DAT,49,
2/6/2021,2,3,DAT,32,
2/6/2021,2,3,BHC,48,
2/6/2021,2,3,BHC,37,
2/6/2021,2,3,BHC,37,
2/6/2021,2,3,BHC,28,
2/6/2021,2,3,BHC,37,
2/6/2021,2,3,RBS,40,
2/6/2021,2,3,Madtom,122,
2/6/2021,2,3,BHC,58,
2/6/2021,2,4,LMB,80,
2/6/2021,2,5,RBS,42,
2/6/2021,2,5,RBS,46,
2/6/2021,2,6,BLG,89,dead
2/6/2021,2,7,NA,NA,no fish
2/6/2021,2,8,NA,NA,no fish
2/6/2021,2,9,DAT,59,
2/6/2021,2,10,BLG,72,dead
2/6/2021,2,11,BLG,74,injured
2/6/2021,2,11,CRC,113,injured
2/6/2021,2,12,RBS,42,
2/6/2021,2,12,RBS,43,
2/6/2021,2,13,LMB,152,
2/6/2021,2,14,RBS,47,
2/6/2021,2,14,RBS,51,
2/6/2021,2,15,DAT,51,
2/6/2021,2,15,DAT,53,
2/6/2021,2,15,DAT,32,
2/6/2021,2,16,DAT,55,
2/6/2021,2,16,DAT,56,
2/6/2021,2,16,DAT,57,
2/6/2021,2,16,DAT,61,
2/6/2021,2,16,DAT,42,
2/6/2021,2,16,DAT,47,
2/6/2021,2,17,DAT,67,
2/6/2021,2,17,DAT,48,
2/6/2021,2,17,DAT,45,
2/6/2021,2,17,DAT,60,
2/6/2021,2,17,DAT,48,
2/6/2021,2,17,DAT,50,
2/6/2021,2,17,DAT,64,
2/6/2021,2,17,DAT,52,
2/6/2021,2,17,DAT,48,
2/6/2021,2,17,DAT,49,
2/6/2021,2,17,GSF,43,
2/6/2021,2,17,GSF,48,
2/6/2021,2,17,GSF,44,
2/6/2021,2,17,GSF,32,
2/6/2021,2,17,GSF,50,
2/6/2021,2,17,GSF,55,
2/6/2021,2,17,GSF,45,
2/6/2021,2,17,RBS,51,
2/6/2021,2,17,RBS,42,
2/6/2021,2,18,DAT,57,
2/6/2021,2,18,DAT,63,
2/6/2021,2,18,DAT,48,
2/6/2021,2,18,DAT,57,
2/6/2021,2,18,DAT,48,
2/6/2021,2,18,DAT,42,
2/6/2021,2,18,DAT,45,
2/6/2021,2,18,CRC,33,
2/6/2021,2,19,DAT,47,
2/6/2021,2,19,DAT,54,
2/6/2021,2,19,DAT,33,
2/6/2021,2,19,BHC,42,
2/6/2021,2,19,BHC,34,
2/6/2021,2,19,BHC,34,
2/6/2021,2,19,BHC,38,
2/6/2021,2,19,BHC,38,
2/6/2021,2,19,Madtom,47,
2/6/2021,2,19,BHC,43,
2/6/2021,2,20,Madtom,111,
2/6/2021,2,20,RBS,52,
2/6/2021,2,20,RBS,43,
2/6/2021,2,20,DAT,57,
2/6/2021,2,20,Killifish,66,
2/6/2021,2,20,CRC,58,
2/6/2021,2,21,DAT,47,
2/6/2021,2,21,DAT,58,
2/6/2021,2,21,DAT,56,
2/6/2021,2,21,DAT,63,
2/6/2021,2,21,DAT,48,
2/6/2021,2,21,DAT,55,
2/6/2021,2,21,BHC,43,
2/6/2021,2,21,BHC,31,
2/6/2021,2,21,CRC,51,
2/6/2021,2,21,GSF,49,
2/6/2021,2,22,RBS,41,
2/6/2021,2,22,Shiner,72,
2/6/2021,2,22,Shiner,82,
2/6/2021,2,22,Killifish,67,
2/6/2021,2,22,DAT,52,
2/6/2021,2,22,DAT,60,
2/6/2021,2,22,DAT,59,
2/6/2021,2,22,DAT,53,
2/6/2021,2,22,DAT,64,
2/6/2021,2,22,DAT,47,
2/6/2021,2,22,DAT,43,
2/6/2021,2,22,DAT,61,
2/6/2021,2,22,DAT,52,
2/6/2021,2,22,GSF,50,
2/6/2021,2,22,RBS,46,
2/6/2021,2,22,GSF,50,
2/6/2021,2,22,BLG,72,dead
2/6/2021,2,22,CRC,59,
2/6/2021,2,23,RBS,42,
2/6/2021,2,23,DAT,48,
2/6/2021,2,23,CRC,55,
2/6/2021,2,23,GSF,35,
2/6/2021,2,23,DAT,44,
2/6/2021,2,23,DAT,50,
2/6/2021,2,23,DAT,52,
2/6/2021,2,23,DAT,60,
2/6/2021,2,23,GSF,40,
2/6/2021,2,23,RBS,43,
2/6/2021,2,23,RBS,43,
2/6/2021,2,23,RBS,50,
2/6/2021,2,23,GSF,46,
2/6/2021,2,23,RBS,47,
2/6/2021,2,23,DAT,27,
2/6/2021,2,23,DAT,48,
2/6/2021,2,23,DAT,52,
2/6/2021,2,24,Shiner,82,
2/6/2021,2,24,Killifish,61,
2/6/2021,2,24,DAT,57,
2/6/2021,2,24,DAT,56,
2/6/2021,2,24,DAT,50,
2/6/2021,2,24,DAT,60,
2/6/2021,2,24,DAT,50,
2/6/2021,2,24,BHC,33,
2/6/2021,2,24,RBS,47,
2/6/2021,2,24,GSF,47,
2/6/2021,2,24,RBS,41,
2/6/2021,2,24,RBS,42,
2/6/2021,2,24,RBS,44,
2/6/2021,2,24,GSF,42,
2/6/2021,2,24,GSF,43,
2/6/2021,2,25,DAT,74,
2/6/2021,2,25,DAT,53,
2/6/2021,2,25,DAT,41,
2/6/2021,2,25,CRC,57,
2/6/2021,2,25,BHC,41,
2/6/2021,2,26,DAT,49,
2/6/2021,2,26,DAT,71,
2/6/2021,2,26,DAT,50,
2/6/2021,2,26,DAT,45,
2/6/2021,2,26,DAT,52,
2/6/2021,2,26,DAT,48,
2/6/2021,2,26,DAT,45,
2/6/2021,2,26,DAT,28,
2/6/2021,2,26,CRC,48,
2/6/2021,2,26,GSF,46,
2/6/2021,2,26,CRC,31,
2/6/2021,2,26,GSF,42,
2/6/2021,2,26,CRC,27,
2/6/2021,2,26,CRC,32,
2/6/2021,2,26,Madtom,42,
2/21/2021,2,27,DAT,57,
2/21/2021,2,27,DAT,49,
2/21/2021,2,27,RBS,35,
2/21/2021,2,28,DAT,59,
2/21/2021,2,28,BHC,32,
2/21/2021,2,28,BHC,34,
2/21/2021,2,28,BHC,31,
2/21/2021,2,29,RBS,47,
2/21/2021,2,29,RBS,44,
2/21/2021,2,29,RBS,48,
2/21/2021,2,29,DAT,33,
2/21/2021,2,30,DAT,56,
2/21/2021,2,30,GSF,54,
2/21/2021,2,30,DAT,42,
2/21/2021,2,31,NA,NA,no fish
2/21/2021,2,32,NA,NA,no fish
2/21/2021,2,33,NA,NA,no fish
2/21/2021,2,34,NA,NA,no fish
2/21/2021,2,35,GSF,50,
2/21/2021,2,36,Shiner,60,
2/21/2021,2,37,NA,NA,no fish
2/21/2021,2,38,BHC,45,
2/21/2021,2,38,BHC,35,
2/21/2021,2,39,DAT,60,
2/21/2021,2,39,GSF,47,
2/21/2021,2,40,DAT,49,
2/21/2021,2,40,DAT,52,
2/21/2021,2,40,DAT,60,
2/21/2021,2,40,DAT,48,
2/21/2021,2,41,DAT,48,
2/21/2021,2,41,DAT,47,
2/21/2021,2,41,GSF,48,
2/21/2021,2,41,Madtom,57,
2/21/2021,2,42,Shiner,87,
2/21/2021,2,42,Shiner,84,
2/21/2021,2,42,DAT,48,
2/21/2021,2,42,DAT,56,
2/21/2021,2,42,BHC,38,
2/21/2021,2,42,BHC,42,
2/21/2021,2,42,GSF,46,
2/21/2021,2,42,GSF,48,
2/21/2021,2,43,DAT,43,
2/21/2021,2,43,DAT,52,
2/21/2021,2,43,DAT,55,
2/21/2021,2,43,DAT,58,
2/21/2021,2,43,BHC,35,
2/21/2021,2,43,GSF,29,
2/21/2021,2,43,GSF,27,
5/15/2021,3,1,DAT,70,
5/15/2021,3,1,DAT,67,
5/15/2021,3,1,GSF,45,
5/15/2021,3,1,GSF,50,
5/15/2021,3,1,GSF,40,
5/15/2021,3,1,GSF,55,
5/15/2021,3,1,BHC,57,
5/15/2021,3,1,Killifish,70,
5/15/2021,3,2,BHC,49,
5/15/2021,3,2,BHC,45,
5/15/2021,3,2,GSF,50,
5/15/2021,3,2,GSF,42,
5/15/2021,3,2,GSF,32,
5/15/2021,3,2,RBS,42,
5/15/2021,3,2,DAT,40,
5/15/2021,3,2,Shiner,77,
5/15/2021,3,3,DAT,63,
5/15/2021,3,3,DAT,53,
5/15/2021,3,3,DAT,45,
5/15/2021,3,3,DAT,38,
5/15/2021,3,3,DAT,47,
5/15/2021,3,3,DAT,45,
5/15/2021,3,3,DAT,65,
5/15/2021,3,3,DAT,65,
5/15/2021,3,3,DAT,65,
5/15/2021,3,3,DAT,67,
5/15/2021,3,3,DAT,60,
5/15/2021,3,3,DAT,50,
5/15/2021,3,3,DAT,63,
5/15/2021,3,3,DAT,43,
5/15/2021,3,3,DAT,49,
5/15/2021,3,3,RBS,35,
5/15/2021,3,3,BHC,45,
5/15/2021,3,3,BHC,44,
5/15/2021,3,3,BHC,50,
5/15/2021,3,3,BHC,35,
5/15/2021,3,3,Madtom,44,
5/15/2021,3,4,GSF,59,
5/15/2021,3,4,GSF,55,
5/15/2021,3,4,GSF,51,
5/15/2021,3,4,BLG,58,
5/15/2021,3,4,BLG,71,
5/15/2021,3,4,RBS,39,
5/15/2021,3,4,DAT,52,
5/15/2021,3,5,RBS,44,
5/15/2021,3,5,RBS,42,
5/15/2021,3,5,GSF,44,
5/15/2021,3,5,GSF,54,
5/15/2021,3,5,GSF,36,
5/15/2021,3,6,GSF,59,
5/15/2021,3,6,GSF,54,
5/15/2021,3,6,GSF,50,
5/15/2021,3,6,GSF,55,
5/15/2021,3,6,RBS,42,
5/15/2021,3,6,RBS,40,
5/15/2021,3,6,RBS,35,
5/15/2021,3,6,RBS,58,
5/15/2021,3,6,RBS,42,
5/15/2021,3,6,RBS,38,
5/15/2021,3,6,DAT,50,
5/15/2021,3,6,DAT,59,
5/15/2021,3,6,BLG,93,
5/15/2021,3,7,DAT,62,
5/15/2021,3,7,DAT,69,
5/15/2021,3,7,Madtom,40,
5/15/2021,3,8,GSF,57,
5/15/2021,3,8,GSF,49,
5/15/2021,3,8,GSF,65,
5/15/2021,3,8,GSF,57,
5/15/2021,3,8,GSF,49,
5/15/2021,3,8,RBS,33,
5/15/2021,3,8,BHC,40,
5/15/2021,3,9,DAT,60,
5/15/2021,3,9,BHC,45,
5/15/2021,3,10,Shiner,83,
5/15/2021,3,10,BLG,55,
5/15/2021,3,10,GSF,48,
5/15/2021,3,10,GSF,52,
5/15/2021,3,10,GSF,48,
5/15/2021,3,10,DAT,55,
5/15/2021,3,10,DAT,51,
5/15/2021,3,11,GSF,43,
5/15/2021,3,11,DAT,50,
5/15/2021,3,11,BHC,40,
5/15/2021,3,11,BHC,47,
5/15/2021,3,11,BHC,43,
5/15/2021,3,12,Shiner,82,
5/15/2021,3,12,DAT,61,
5/15/2021,3,12,BLG,31,
5/15/2021,3,13,LMB,124,
5/15/2021,3,13,GSF,50,
5/15/2021,3,13,Shiner,86,
5/15/2021,3,13,Shiner,102,
5/15/2021,3,14,DAT,58,
5/15/2021,3,14,DAT,65,
5/15/2021,3,14,DAT,44,
5/15/2021,3,14,DAT,44,
5/15/2021,3,14,DAT,61,
5/15/2021,3,14,DAT,67,
5/15/2021,3,14,DAT,48,
5/15/2021,3,14,DAT,50,
5/15/2021,3,14,DAT,48,
5/15/2021,3,14,DAT,64,
5/15/2021,3,14,BHC,47,
5/15/2021,3,14,Madtom,55,
5/15/2021,3,14,Madtom,77,
5/16/2021,3,15,BHC,59,
5/16/2021,3,15,BHC,55,
5/16/2021,3,15,BHC,43,
5/16/2021,3,15,BHC,77,
5/16/2021,3,15,DAT,74,
5/16/2021,3,15,DAT,57,
5/16/2021,3,15,DAT,52,
5/16/2021,3,15,DAT,67,
5/16/2021,3,15,DAT,70,
5/16/2021,3,15,DAT,68,
5/16/2021,3,15,DAT,51,
5/16/2021,3,15,DAT,60,
5/16/2021,3,15,DAT,47,
5/16/2021,3,15,GSF,56,
5/16/2021,3,16,GSF,58,
5/16/2021,3,16,DAT,62,
5/16/2021,3,16,DAT,57,
5/16/2021,3,16,DAT,64,
5/16/2021,3,16,DAT,50,
5/16/2021,3,16,BHC,58,
5/16/2021,3,17,GSF,52,
5/16/2021,3,17,GSF,55,
5/16/2021,3,17,GSF,54,
5/16/2021,3,17,GSF,24,
5/16/2021,3,17,GSF,42,
5/16/2021,3,17,GSF,45,
5/16/2021,3,17,Shiner,58,
5/16/2021,3,17,RBS,34,
5/16/2021,3,17,RBS,39,
5/16/2021,3,17,DAT,67,
5/16/2021,3,17,DAT,42,
5/16/2021,3,17,DAT,62,
5/16/2021,3,17,DAT,60,
5/16/2021,3,17,DAT,50,
5/16/2021,3,17,DAT,48,
5/16/2021,3,17,DAT,48,
5/16/2021,3,17,DAT,46,
5/16/2021,3,17,BHC,59,
5/16/2021,3,18,DAT,43,
5/16/2021,3,18,DAT,47,
5/16/2021,3,18,DAT,62,
5/16/2021,3,18,DAT,51,
5/16/2021,3,18,BHC,56,
5/16/2021,3,18,BHC,57,
5/16/2021,3,19,GSF,60,
5/16/2021,3,19,GSF,52,
5/16/2021,3,19,DAT,63,
5/16/2021,3,19,DAT,68,
5/16/2021,3,19,DAT,63,
5/16/2021,3,20,RBS,47,
5/16/2021,3,20,RBS,41,
5/16/2021,3,20,RBS,42,
5/16/2021,3,20,BHC,54,
5/16/2021,3,20,BHC,75,dead
5/16/2021,3,20,GSF,37,
5/16/2021,3,20,Shiner,85,
5/16/2021,3,20,Shiner,80,
5/16/2021,3,20,Shiner,75,
5/16/2021,3,20,CRC,90,dead
5/16/2021,3,21,DAT,60,
5/16/2021,3,21,DAT,60,
5/16/2021,3,21,DAT,63,
5/16/2021,3,21,DAT,52,
5/16/2021,3,21,DAT,62,
5/16/2021,3,21,DAT,65,
5/16/2021,3,21,DAT,63,
5/16/2021,3,22,GSF,51,
5/16/2021,3,22,GSF,58,
5/16/2021,3,22,GSF,42,
5/16/2021,3,22,GSF,43,
5/16/2021,3,22,GSF,58,
5/16/2021,3,22,Shiner,90,
5/16/2021,3,22,DAT,52,
5/16/2021,3,22,DAT,66,
5/16/2021,3,22,DAT,74,
5/16/2021,3,22,DAT,65,
5/16/2021,3,22,RBS,37,
5/16/2021,3,23,GSF,54,
5/16/2021,3,23,GSF,55,
5/16/2021,3,23,GSF,58,
5/16/2021,3,23,GSF,59,
5/16/2021,3,23,GSF,58,
5/16/2021,3,23,GSF,54,
5/16/2021,3,23,GSF,45,
5/16/2021,3,23,GSF,52,
5/16/2021,3,23,GSF,50,
5/16/2021,3,23,GSF,57,
5/16/2021,3,23,GSF,52,
5/16/2021,3,23,GSF,42,
5/16/2021,3,23,DAT,58,
5/16/2021,3,23,DAT,48,
5/16/2021,3,23,DAT,61,
5/16/2021,3,23,BHC,53,
5/16/2021,3,24,GSF,56,
5/16/2021,3,24,GSF,52,
5/16/2021,3,24,GSF,48,
5/16/2021,3,24,GSF,47,
5/16/2021,3,24,GSF,53,
5/16/2021,3,24,GSF,53,
5/16/2021,3,24,RBS,40,
5/16/2021,3,24,RBS,40,
5/16/2021,3,24,RBS,46,
5/16/2021,3,24,DAT,68,
5/16/2021,3,24,DAT,62,
5/16/2021,3,24,DAT,60,
5/16/2021,3,24,DAT,60,
5/16/2021,3,24,DAT,58,
5/16/2021,3,24,DAT,43,
5/16/2021,3,24,BLG,47,
5/16/2021,3,24,CRC,58,
5/16/2021,3,25,DAT,65,
5/16/2021,3,25,DAT,52,
5/16/2021,3,25,DAT,50,
5/16/2021,3,25,Madtom,39,
5/16/2021,3,25,GSF,52,
5/16/2021,3,26,BHC,58,
5/16/2021,3,26,BHC,50,
5/16/2021,3,26,BHC,40,
5/16/2021,3,26,BHC,51,
5/16/2021,3,26,BHC,51,
5/16/2021,3,26,BHC,52,
5/16/2021,3,26,GSF,58,
5/16/2021,3,26,GSF,49,
5/16/2021,3,26,GSF,57,
5/16/2021,3,26,DAT,43,
5/16/2021,3,26,DAT,42,
5/16/2021,3,26,DAT,65,
5/16/2021,3,26,DAT,42,
5/16/2021,3,26,DAT,50,
5/16/2021,3,26,DAT,49,
5/16/2021,3,26,DAT,52,
5/16/2021,3,26,RBS,33,
5/16/2021,3,26,CRC,48,
5/16/2021,3,27,DAT,47,
5/16/2021,3,27,DAT,62,
5/16/2021,3,27,DAT,55,
5/16/2021,3,27,DAT,46,
5/16/2021,3,27,DAT,49,
5/16/2021,3,27,DAT,55,
5/16/2021,3,27,DAT,48,
5/16/2021,3,27,RBS,53,
5/16/2021,3,27,BHC,57,
5/16/2021,3,27,BHC,58,
5/16/2021,3,28,DAT,48,
5/16/2021,3,28,DAT,58,
5/16/2021,3,28,DAT,60,
5/16/2021,3,28,DAT,68,
5/16/2021,3,28,DAT,59,
5/16/2021,3,28,DAT,63,
5/16/2021,3,28,Madtom,48,
5/16/2021,3,28,Madtom,45,
5/16/2021,3,28,Madtom,47,
5/16/2021,3,29,Madtom,120,
5/16/2021,3,29,Madtom,60,
5/16/2021,3,29,RBS,40,
5/16/2021,3,29,RBS,40,
5/16/2021,3,29,RBS,35,
5/16/2021,3,29,RBS,47,
5/16/2021,3,29,RBS,42,
5/16/2021,3,29,RBS,37,
5/16/2021,3,29,RBS,37,
5/16/2021,3,29,CRC,45,
5/16/2021,3,29,CRC,52,
5/16/2021,3,29,CRC,57,
5/16/2021,3,29,CRC,45,
5/16/2021,3,29,CRC,53,
5/16/2021,3,29,CRC,59,
5/16/2021,3,29,DAT,66,
5/16/2021,3,29,DAT,40,
5/16/2021,3,29,DAT,42,
5/16/2021,3,29,DAT,72,
5/16/2021,3,29,DAT,60,
5/16/2021,3,29,DAT,45,
5/16/2021,3,29,DAT,62,
5/16/2021,3,29,DAT,67,
5/16/2021,3,29,BHC,51,
5/16/2021,3,29,BHC,48,
5/16/2021,3,29,BHC,42,
5/16/2021,3,29,GSF,58,
5/16/2021,3,29,GSF,49,
5/16/2021,3,29,GSF,47,
5/16/2021,3,29,GSF,53,
5/16/2021,3,29,GSF,58,
5/16/2021,3,29,GSF,59,
5/16/2021,3,29,BLG,52,
5/16/2021,3,29,CCS,59,
5/16/2021,3,30,GSF,54,
5/16/2021,3,30,GSF,58,
5/16/2021,3,30,BLG,38,
5/16/2021,3,30,BHC,48,
5/16/2021,3,30,BHC,50,
5/16/2021,3,30,BHC,44,
5/16/2021,3,30,Madtom,112,
5/16/2021,3,30,Madtom,82,
5/16/2021,3,30,RBS,57,
5/16/2021,3,31,GSF,58,
5/16/2021,3,31,GSF,42,
5/16/2021,3,31,GSF,43,
5/16/2021,3,31,GSF,37,
5/16/2021,3,31,GSF,60,
5/16/2021,3,31,GSF,46,
5/16/2021,3,31,GSF,48,
5/16/2021,3,31,GSF,44,
5/16/2021,3,31,GSF,56,
5/16/2021,3,31,RBS,45,
5/16/2021,3,31,Shiner,88,
5/16/2021,3,31,BLG,37,
5/16/2021,3,31,DAT,37,
5/16/2021,3,31,DAT,47,
5/16/2021,3,32,GSF,44,
5/16/2021,3,32,GSF,52,
5/16/2021,3,32,GSF,46,
5/16/2021,3,32,GSF,43,
5/16/2021,3,32,GSF,32,
5/16/2021,3,32,GSF,34,
5/16/2021,3,32,BLG,46,
5/16/2021,3,32,DAT,53,
5/16/2021,3,32,CRC,59,
5/16/2021,3,32,BHC,55,
5/16/2021,3,32,BHC,47,
5/16/2021,3,33,DAT,48,
5/16/2021,3,33,DAT,54,
5/16/2021,3,33,BLG,35,
5/16/2021,3,33,BLG,38,
5/16/2021,3,34,BLG,39,
5/16/2021,3,34,GSF,45,
5/16/2021,3,34,DAT,56,
5/16/2021,3,34,DAT,55,
5/16/2021,3,34,DAT,50,
5/16/2021,3,34,BHC,42,
5/16/2021,3,35,GSF,37,
5/16/2021,3,35,GSF,51,
5/16/2021,3,35,GSF,53,
5/16/2021,3,35,GSF,44,
5/16/2021,3,35,GSF,54,
5/16/2021,3,35,GSF,46,
5/16/2021,3,35,GSF,51,
5/16/2021,3,35,GSF,56,
5/16/2021,3,35,BLG,33,
5/16/2021,3,35,BLG,42,
5/16/2021,3,35,BLG,76,injured
5/16/2021,3,35,BHC,47,
5/16/2021,3,35,Shiner,80,
5/16/2021,3,35,RBS,40,
5/16/2021,3,36,GSF,40,
5/16/2021,3,37,BHC,55,
5/16/2021,3,37,GSF,59,
5/16/2021,3,37,RBS,42,
5/16/2021,3,37,Shiner,57,
5/16/2021,3,38,DAT,50,
5/16/2021,3,38,DAT,48,
5/16/2021,3,38,DAT,58,
5/16/2021,3,38,DAT,61,
5/16/2021,3,38,DAT,48,
5/16/2021,3,38,DAT,64,
5/16/2021,3,38,BHC,50,
5/16/2021,3,38,BHC,50,
5/16/2021,3,38,BHC,58,
5/16/2021,3,39,CCS,74,
5/16/2021,3,39,RBS,40,
5/16/2021,3,39,RBS,43,
5/16/2021,3,39,GSF,57,
5/16/2021,3,39,GSF,58,
5/16/2021,3,39,GSF,48,
5/16/2021,3,39,GSF,51,
5/16/2021,3,39,GSF,52,
5/16/2021,3,39,GSF,54,
5/16/2021,3,39,BLG,40,
5/16/2021,3,39,DAT,52,
5/16/2021,3,39,DAT,51,
5/16/2021,3,40,BHC,53,
5/16/2021,3,40,BHC,48,
5/16/2021,3,40,DAT,62,
5/16/2021,3,40,DAT,61,
5/16/2021,3,40,DAT,65,
5/16/2021,3,40,DAT,54,
5/16/2021,3,40,DAT,58,
5/16/2021,3,40,DAT,50,
5/16/2021,3,40,DAT,41,
5/16/2021,3,41,BHC,58,
5/16/2021,3,41,BHC,45,
5/16/2021,3,41,DAT,50,
5/16/2021,3,41,DAT,50,
5/16/2021,3,41,DAT,42,
5/16/2021,3,41,DAT,50,
5/16/2021,3,41,DAT,71,
5/16/2021,3,41,DAT,62,
5/16/2021,3,41,DAT,42,
5/16/2021,3,41,DAT,38,
5/16/2021,3,41,RBS,45,
5/16/2021,3,41,RBS,47,
5/16/2021,3,42,LMB,80,
5/16/2021,3,42,Shiner,80,
5/16/2021,3,42,DAT,45,
5/16/2021,3,42,DAT,64,
5/16/2021,3,42,DAT,68,
5/16/2021,3,42,BLG,63,
5/16/2021,3,42,RBS,45,
5/16/2021,3,42,RBS,32,
5/16/2021,3,42,RBS,41,
5/16/2021,3,42,RBS,45,
5/16/2021,3,42,GSF,58,
5/16/2021,3,43,DAT,61,
5/16/2021,3,43,DAT,61,
5/16/2021,3,43,DAT,62,
5/16/2021,3,43,DAT,50,
5/16/2021,3,43,DAT,54,
5/16/2021,3,43,GSF,50,
5/16/2021,3,43,GSF,28,
5/16/2021,3,43,BHC,59,
5/16/2021,3,43,BHC,48,
5/16/2021,3,43,RBS,50,
5/16/2021,3,43,RBS,38,
8/12/2021,4,1,BHC,57,
8/12/2021,4,1,EMF,40,
8/12/2021,4,1,GSF,74,dead
8/12/2021,4,1,GSF,59,
8/12/2021,4,1,GSF,59,
8/12/2021,4,1,GSF,35,
8/12/2021,4,1,DAT,61,
8/12/2021,4,1,DAT,63,
8/12/2021,4,1,DAT,64,
8/12/2021,4,1,DAT,61,
8/12/2021,4,1,DAT,55,
8/12/2021,4,1,REDHORSE,71,
8/12/2021,4,1,REDHORSE,68,
8/12/2021,4,1,REDHORSE,60,
8/12/2021,4,1,REDHORSE,57,
8/12/2021,4,1,REDHORSE,62,
8/12/2021,4,1,REDHORSE,62,
8/12/2021,4,1,CRC,54,
8/12/2021,4,1,LOACH,107,
8/12/2021,4,2,LMB,49,
8/12/2021,4,2,LMB,75,
8/12/2021,4,2,CRC,51,
8/12/2021,4,2,CRC,48,
8/12/2021,4,2,CRC,53,
8/12/2021,4,2,CRC,47,
8/12/2021,4,2,CRC,49,
8/12/2021,4,2,CRC,55,
8/12/2021,4,2,CRC,43,
8/12/2021,4,2,CRC,104,dead
8/12/2021,4,2,DAT,53,
8/12/2021,4,2,DAT,32,
8/12/2021,4,2,BHC,45,
8/12/2021,4,2,BHC,53,
8/12/2021,4,2,BHC,58,
8/12/2021,4,2,REDHORSE,69,
8/12/2021,4,2,REDHORSE,70,
8/12/2021,4,2,REDHORSE,53,
8/12/2021,4,2,EMF,50,
8/12/2021,4,2,BLG,34,
8/12/2021,4,2,LOACH,157,
8/12/2021,4,2,CCS,81,
8/12/2021,4,3,BHC,35,
8/12/2021,4,3,BHC,21,
8/12/2021,4,3,BHC,35,
8/12/2021,4,3,BHC,32,
8/12/2021,4,3,BHC,33,
8/12/2021,4,3,BHC,39,
8/12/2021,4,3,BHC,41,
8/12/2021,4,3,BHC,27,
8/12/2021,4,3,BHC,55,
8/12/2021,4,3,BHC,44,
8/12/2021,4,3,BHC,57,
8/12/2021,4,3,BHC,56,
8/12/2021,4,3,BHC,42,
8/12/2021,4,3,BHC,42,
8/12/2021,4,3,BHC,59,
8/12/2021,4,3,BHC,25,
8/12/2021,4,3,CRC,49,
8/12/2021,4,3,CRC,24,
8/12/2021,4,3,CRC,47,
8/12/2021,4,3,CRC,31,
8/12/2021,4,3,CRC,49,
8/12/2021,4,3,CRC,53,
8/12/2021,4,3,CRC,42,
8/12/2021,4,3,CRC,45,
8/12/2021,4,3,CRC,49,
8/12/2021,4,3,CRC,31,
8/12/2021,4,3,CRC,41,
8/12/2021,4,3,CRC,38,
8/12/2021,4,3,CRC,45,
8/12/2021,4,3,CRC,47,
8/12/2021,4,3,CRC,40,
8/12/2021,4,3,CRC,34,
8/12/2021,4,3,CRC,33,
8/12/2021,4,3,CRC,46,
8/12/2021,4,3,CRC,40,
8/12/2021,4,3,CRC,30,
8/12/2021,4,3,CRC,41,
8/12/2021,4,3,CRC,31,
8/12/2021,4,3,CRC,35,
8/12/2021,4,3,CRC,27,
8/12/2021,4,3,CRC,25,
8/12/2021,4,3,CRC,47,
8/12/2021,4,3,CRC,27,
8/12/2021,4,3,EMF,32,
8/12/2021,4,3,DAT,55,
8/12/2021,4,3,DAT,53,
8/12/2021,4,3,DAT,60,
8/12/2021,4,3,DAT,56,
8/12/2021,4,3,DAT,48,
8/12/2021,4,3,DAT,67,
8/12/2021,4,3,DAT,63,
8/12/2021,4,3,DAT,57,
8/12/2021,4,3,DAT,46,
8/12/2021,4,3,DAT,51,
8/12/2021,4,3,DAT,33,
8/12/2021,4,3,DAT,55,
8/12/2021,4,3,DAT,28,
8/12/2021,4,3,DAT,36,
8/12/2021,4,3,REDHORSE,50,
8/12/2021,4,3,RBS,57,
8/12/2021,4,3,RBS,55,
8/12/2021,4,4,STJ,158,
8/12/2021,4,4,LMB,73,
8/12/2021,4,5,RBS,52,
8/12/2021,4,5,BLG,55,
8/12/2021,4,6,LMB,216,
8/12/2021,4,6,GSF,51,
8/12/2021,4,6,GSF,46,
8/12/2021,4,6,BLG,60,
8/12/2021,4,7,GSF,57,
8/12/2021,4,7,CRC,49,
8/12/2021,4,7,CRC,30,
8/12/2021,4,7,CRC,48,
8/12/2021,4,7,DAT,29,
8/12/2021,4,7,DAT,59,
8/12/2021,4,7,DAT,64,
8/12/2021,4,8,RBS,59,
8/12/2021,4,8,RBS,46,
8/12/2021,4,8,RBS,48,
8/12/2021,4,8,CRC,55,
8/12/2021,4,8,CRC,37,
8/12/2021,4,8,DAT,30,
8/12/2021,4,8,BHC,36,
8/12/2021,4,9,GSF,58,
8/12/2021,4,9,RBS,53,
8/12/2021,4,9,RBS,57,
8/12/2021,4,9,DAT,61,
8/12/2021,4,9,DAT,57,
8/12/2021,4,9,DAT,58,
8/12/2021,4,9,DAT,31,
8/12/2021,4,9,DAT,31,
8/12/2021,4,9,CRC,38,
8/12/2021,4,9,CRC,45,
8/12/2021,4,9,CRC,43,
8/12/2021,4,9,Madtom,81,
8/12/2021,4,10,CCS,113,
8/12/2021,4,10,CCS,105,
8/12/2021,4,10,BLG,72,dead
8/12/2021,4,10,BLG,65,
8/12/2021,4,10,BLG,56,
8/12/2021,4,10,RBS,58,
8/12/2021,4,10,RBS,53,
8/12/2021,4,10,GSF,55,
8/12/2021,4,10,GSF,30,
8/12/2021,4,10,Killifish,78,
8/12/2021,4,10,Madtom,90,
8/12/2021,4,10,CRC,38,
8/12/2021,4,10,DAT,29,
8/12/2021,4,10,DAT,27,
8/12/2021,4,11,DAT,52,
8/12/2021,4,11,DAT,56,
8/12/2021,4,11,DAT,48,
8/12/2021,4,11,DAT,30,
8/12/2021,4,11,DAT,61,
8/12/2021,4,11,DAT,55,
8/12/2021,4,11,BHC,42,
8/12/2021,4,11,BHC,51,
8/12/2021,4,11,BHC,32,
8/12/2021,4,11,BHC,22,
8/12/2021,4,11,LMB,122,
8/12/2021,4,11,DAT,52,
8/12/2021,4,11,DAT,38,
8/12/2021,4,11,DAT,35,
8/12/2021,4,12,LMB,70,
8/12/2021,4,12,RBS,57,
8/12/2021,4,12,Madtom,102,
8/12/2021,4,12,REDHORSE,60,
8/12/2021,4,12,BLG,37,
8/12/2021,4,12,BLG,35,
8/12/2021,4,13,BLG,53,
8/12/2021,4,13,Madtom,110,
8/12/2021,4,13,BHC,90,
8/12/2021,4,13,RBS,81,
8/12/2021,4,13,REDHORSE,67,
8/12/2021,4,13,Shiner,104,
8/12/2021,4,14,Killifish,77,
8/12/2021,4,14,Killifish,58,
8/12/2021,4,14,CRC,47,
8/12/2021,4,14,CRC,38,
8/12/2021,4,14,CRC,38,
8/12/2021,4,14,BHC,32,
8/12/2021,4,14,BHC,47,
8/12/2021,4,14,BHC,40,
8/12/2021,4,14,BHC,58,
8/12/2021,4,14,BHC,55,
8/12/2021,4,14,BHC,69,
8/12/2021,4,14,DAT,64,
8/12/2021,4,14,DAT,27,
8/12/2021,4,14,DAT,29,
8/12/2021,4,14,DAT,23,
8/12/2021,4,14,DAT,27,
8/12/2021,4,14,DAT,30,
8/12/2021,4,14,DAT,28,
8/12/2021,4,14,DAT,33,
8/12/2021,4,14,DAT,31,
8/12/2021,4,14,REDHORSE,75,
8/12/2021,4,14,REDHORSE,59,
8/12/2021,4,14,Shiner,87,
8/12/2021,4,14,LMB,45,
8/12/2021,4,14,LMB,61,
8/12/2021,4,14,GSF,34,
8/12/2021,4,14,GSF,32,
8/12/2021,4,14,RBS,48,
8/12/2021,4,14,RBS,50,
8/12/2021,4,14,RBS,57,
8/12/2021,4,14,DAT,53,
8/12/2021,4,14,DAT,63,
8/12/2021,4,14,DAT,52,
8/12/2021,4,14,DAT,51,
8/12/2021,4,15,DAT,55,
8/12/2021,4,15,DAT,57,
8/12/2021,4,15,DAT,51,
8/12/2021,4,15,DAT,33,
8/12/2021,4,15,DAT,35,
8/12/2021,4,15,DAT,37,
8/12/2021,4,15,RBS,57,
8/12/2021,4,15,Madtom,81,
8/12/2021,4,15,BHC,58,
8/12/2021,4,15,BHC,43,
8/12/2021,4,15,BHC,50,
8/12/2021,4,15,BHC,57,
8/12/2021,4,15,BHC,42,
8/12/2021,4,15,BHC,59,
8/12/2021,4,15,BHC,47,
8/12/2021,4,15,BHC,42,
8/12/2021,4,15,BHC,37,
8/12/2021,4,15,CRC,40,
8/12/2021,4,15,CRC,38,
8/12/2021,4,15,CRC,32,
8/12/2021,4,15,RBS,49,
8/12/2021,4,15,BHC,37,
8/12/2021,4,15,BHC,39,
8/12/2021,4,15,BHC,58,
8/12/2021,4,16,GSF,50,
8/12/2021,4,16,GSF,32,
8/12/2021,4,16,DAT,46,
8/12/2021,4,16,DAT,62,
8/12/2021,4,16,DAT,65,
8/12/2021,4,16,DAT,32,
8/12/2021,4,16,DAT,31,
8/12/2021,4,16,DAT,52,
8/12/2021,4,16,DAT,41,
8/12/2021,4,16,DAT,62,
8/12/2021,4,16,BHC,43,
8/12/2021,4,16,BHC,42,
8/12/2021,4,16,BHC,30,
8/12/2021,4,16,BHC,38,
8/12/2021,4,16,LMB,63,
8/12/2021,4,16,CRC,16,
8/12/2021,4,16,CRC,42,
8/12/2021,4,16,CRC,43,
8/12/2021,4,16,CRC,42,
8/12/2021,4,16,CRC,37,
8/12/2021,4,16,DAT,39,
8/12/2021,4,16,DAT,32,
8/12/2021,4,16,DAT,23,
8/12/2021,4,17,CRC,48,
8/12/2021,4,17,CRC,50,
8/12/2021,4,17,CRC,45,
8/12/2021,4,17,CRC,47,
8/12/2021,4,17,BHC,58,
8/12/2021,4,17,DAT,29,
8/12/2021,4,17,REDHORSE,58,
8/12/2021,4,17,RBS,25,
8/12/2021,4,18,DAT,52,
8/12/2021,4,18,DAT,55,
8/12/2021,4,18,CRC,40,
8/12/2021,4,18,CRC,45,
8/12/2021,4,18,CRC,53,
8/12/2021,4,18,CRC,52,
8/12/2021,4,18,CRC,40,
8/12/2021,4,18,CRC,40,
8/12/2021,4,18,CRC,41,
8/12/2021,4,18,CRC,33,
8/12/2021,4,18,RBS,52,
8/12/2021,4,18,GSF,59,
8/12/2021,4,18,BLG,51,
8/12/2021,4,18,DAT,48,
8/12/2021,4,18,DAT,58,
8/12/2021,4,18,Madtom,94,
8/12/2021,4,19,RBS,52,
8/12/2021,4,19,GSF,59,
8/12/2021,4,19,BLG,51,
8/12/2021,4,19,DAT,48,
8/12/2021,4,19,DAT,58,
8/12/2021,4,19,Madtom,94,
8/12/2021,4,20,Madtom,115,
8/12/2021,4,20,CRC,50,
8/12/2021,4,20,LMB,85,
8/12/2021,4,20,RBS,54,
8/12/2021,4,20,RBS,50,
8/12/2021,4,20,RBS,48,
8/12/2021,4,20,REDHORSE,66,
8/12/2021,4,20,REDHORSE,55,
8/12/2021,4,20,REDHORSE,64,
8/12/2021,4,20,REDHORSE,60,
8/12/2021,4,20,BHC,88,
8/12/2021,4,20,BHC,60,
8/12/2021,4,20,GSF,57,
8/12/2021,4,20,GSF,44,
8/12/2021,4,20,DAT,64,
8/12/2021,4,20,DAT,64,
8/12/2021,4,20,DAT,57,
8/12/2021,4,20,DAT,51,
8/12/2021,4,20,CCS,75,
8/12/2021,4,20,BLG,53,
8/12/2021,4,21,DAT,65,
8/12/2021,4,21,DAT,56,
8/12/2021,4,21,DAT,45,
8/12/2021,4,21,DAT,51,
8/12/2021,4,21,DAT,47,
8/12/2021,4,21,DAT,28,
8/12/2021,4,21,GSF,33,
8/12/2021,4,21,CRC,25,
8/12/2021,4,21,DAT,47,
8/12/2021,4,21,DAT,47,
8/12/2021,4,21,DAT,32,
8/12/2021,4,21,DAT,29,
8/12/2021,4,21,DAT,56,
8/12/2021,4,21,DAT,26,
8/12/2021,4,22,GSF,61,
8/12/2021,4,22,GSF,51,
8/12/2021,4,22,GSF,51,
8/12/2021,4,22,GSF,55,
8/12/2021,4,22,GSF,59,
8/12/2021,4,22,RBS,42,
8/12/2021,4,22,RBS,49,
8/12/2021,4,22,DAT,52,
8/12/2021,4,22,DAT,45,
8/12/2021,4,22,DAT,52,
8/12/2021,4,22,LMB,45,
8/12/2021,4,22,CRC,46,
8/12/2021,4,23,GSF,58,
8/12/2021,4,23,GSF,59,
8/12/2021,4,23,GSF,30,
8/12/2021,4,23,GSF,41,
8/12/2021,4,23,GSF,45,
8/12/2021,4,23,GSF,59,
8/12/2021,4,23,REDHORSE,50,
8/12/2021,4,23,REDHORSE,51,
8/12/2021,4,23,REDHORSE,48,
8/12/2021,4,23,BHC,59,
8/12/2021,4,23,RBS,48,
8/12/2021,4,23,DAT,53,
8/12/2021,4,24,CRC,103,
8/12/2021,4,24,CRC,48,
8/12/2021,4,24,CRC,55,
8/12/2021,4,24,BHC,57,
8/12/2021,4,24,BHC,50,
8/12/2021,4,24,BHC,54,
8/12/2021,4,24,DAT,50,
8/12/2021,4,24,DAT,70,
8/12/2021,4,24,DAT,45,
8/12/2021,4,24,REDHORSE,58,
8/12/2021,4,24,CRC,52,
8/12/2021,4,24,CRC,59,
8/12/2021,4,24,CRC,43,
8/12/2021,4,24,CRC,37,
8/12/2021,4,24,CRC,35,
8/12/2021,4,24,CRC,59,
8/12/2021,4,24,GSF,57,
8/12/2021,4,24,GSF,59,
8/12/2021,4,24,LMB,55,
8/12/2021,4,24,RBS,48,
8/12/2021,4,24,RBS,53,
8/12/2021,4,25,LMB,42,
8/12/2021,4,25,CRC,35,
8/12/2021,4,25,CRC,30,
8/12/2021,4,25,CRC,43,
8/12/2021,4,25,CRC,36,
8/12/2021,4,25,CRC,41,
8/12/2021,4,25,CRC,40,
8/12/2021,4,25,DAT,32,
8/12/2021,4,25,DAT,30,
8/12/2021,4,25,DAT,29,
8/12/2021,4,25,BHC,24,
8/12/2021,4,26,RBS,50,
8/12/2021,4,26,BHC,61,
8/12/2021,4,26,BHC,36,
8/12/2021,4,26,BHC,55,
8/12/2021,4,26,DAT,52,
8/12/2021,4,26,DAT,31,
8/12/2021,4,26,DAT,49,
8/12/2021,4,26,DAT,60,
8/12/2021,4,26,DAT,51,
8/12/2021,4,26,DAT,33,
8/12/2021,4,26,GSF,52,
8/12/2021,4,26,CRC,42,
8/12/2021,4,26,CRC,38,
8/12/2021,4,26,CRC,46,
8/12/2021,4,26,CRC,44,
8/12/2021,4,26,CRC,48,
8/12/2021,4,26,CRC,40,
8/12/2021,4,27,DAT,62,
8/12/2021,4,27,DAT,52,
8/12/2021,4,27,DAT,58,
8/12/2021,4,27,DAT,48,
8/12/2021,4,27,CRC,40,
8/12/2021,4,27,CRC,43,
8/12/2021,4,27,BHC,35,
8/12/2021,4,27,BHC,27,
8/12/2021,4,27,GSF,51,
8/12/2021,4,28,DAT,50,
8/12/2021,4,28,BHC,36,
8/12/2021,4,28,CRC,50,
8/12/2021,4,28,CRC,42,
8/12/2021,4,29,CRC,44,
8/12/2021,4,29,CRC,47,
8/12/2021,4,29,CRC,46,
8/12/2021,4,29,CRC,42,
8/12/2021,4,29,CRC,35,
8/12/2021,4,29,CRC,37,
8/12/2021,4,29,CRC,38,
8/12/2021,4,29,Madtom,124,
8/12/2021,4,29,Madtom,80,
8/12/2021,4,29,Madtom,73,
8/12/2021,4,29,Madtom,107,
8/12/2021,4,29,DAT,26,
8/12/2021,4,29,DAT,52,
8/12/2021,4,29,CRC,42,
8/12/2021,4,30,RBS,57,
8/12/2021,4,30,RBS,50,
8/12/2021,4,30,DAT,50,
8/12/2021,4,30,BHC,52,
8/12/2021,4,30,BHC,56,
8/12/2021,4,30,CRC,51,
8/12/2021,4,30,CRC,49,
8/12/2021,4,30,CRC,93,
8/12/2021,4,30,Madtom,71,
8/12/2021,4,30,Madtom,110,
8/12/2021,4,30,Madtom,99,
8/12/2021,4,30,Madtom,75,
8/12/2021,4,30,Madtom,77,
8/12/2021,4,30,GSF,47,
8/12/2021,4,31,GSF,59,
8/12/2021,4,31,GSF,59,
8/12/2021,4,31,GSF,55,
8/12/2021,4,31,GSF,55,
8/12/2021,4,31,RBS,56,
8/12/2021,4,31,RBS,44,
8/12/2021,4,31,REDHORSE,57,
8/12/2021,4,32,BHC,40,
8/12/2021,4,32,GSF,58,
8/12/2021,4,32,GSF,47,
8/12/2021,4,32,GSF,51,
8/12/2021,4,32,GSF,34,
8/12/2021,4,32,CRC,50,
8/12/2021,4,32,CRC,43,
8/12/2021,4,32,DAT,56,
8/12/2021,4,32,DAT,65,
8/12/2021,4,32,LMB,53,
8/12/2021,4,32,BLG,58,
8/12/2021,4,32,REDHORSE,49,
8/12/2021,4,33,CRC,40,
8/12/2021,4,33,CRC,35,
8/12/2021,4,33,DAT,52,
8/12/2021,4,33,BHC,37,
8/12/2021,4,34,BLG,49,
8/12/2021,4,34,GSF,52,
8/12/2021,4,34,BHC,59,
8/12/2021,4,34,BHC,48,
8/12/2021,4,34,RBS,52,
8/12/2021,4,34,LMB,62,
8/12/2021,4,34,CRC,43,
8/12/2021,4,34,DAT,47,
8/12/2021,4,34,DAT,23,
8/12/2021,4,34,DAT,58,
8/12/2021,4,35,BLG,50,
8/12/2021,4,35,BLG,51,
8/12/2021,4,35,BLG,50,
8/12/2021,4,35,RBS,56,
8/12/2021,4,35,RBS,51,
8/12/2021,4,35,RBS,43,
8/12/2021,4,35,RBS,52,
8/12/2021,4,35,RBS,86,
8/12/2021,4,35,REDHORSE,65,
8/12/2021,4,35,REDHORSE,62,
8/12/2021,4,35,REDHORSE,65,
8/12/2021,4,35,REDHORSE,71,
8/12/2021,4,35,CRC,50,
8/12/2021,4,35,CRC,55,
8/12/2021,4,35,CRC,48,
8/12/2021,4,35,GSF,50,
8/12/2021,4,35,GSF,52,
8/12/2021,4,35,GSF,54,
8/12/2021,4,35,GSF,60,
8/12/2021,4,35,LMB,57,
8/12/2021,4,35,LOACH,125,
8/12/2021,4,36,CRC,47,
8/12/2021,4,36,CRC,46,
8/12/2021,4,36,CRC,35,
8/12/2021,4,36,CRC,35,
8/12/2021,4,36,RBS,45,
8/12/2021,4,36,BLG,50,
8/12/2021,4,36,DAT,42,
8/12/2021,4,37,RBS,54,
8/12/2021,4,37,RBS,49,
8/12/2021,4,37,RBS,46,
8/12/2021,4,37,REDHORSE,69,
8/12/2021,4,37,REDHORSE,50,
8/12/2021,4,37,BHC,57,
8/12/2021,4,37,BHC,106,
8/12/2021,4,37,GSF,58,
8/12/2021,4,37,DAT,67,
8/12/2021,4,37,DAT,54,
8/12/2021,4,38,DAT,48,
8/12/2021,4,38,DAT,26,
8/12/2021,4,38,Madtom,77,
8/12/2021,4,38,BHC,38,
8/12/2021,4,38,BHC,49,
8/12/2021,4,38,CRC,41,
8/12/2021,4,38,CRC,35,
8/12/2021,4,39,CRC,37,
8/12/2021,4,39,CRC,56,
8/12/2021,4,39,CRC,43,
8/12/2021,4,39,CRC,36,
8/12/2021,4,39,REDHORSE,49,
8/12/2021,4,39,REDHORSE,52,
8/12/2021,4,39,GSF,55,
8/12/2021,4,39,GSF,34,
8/12/2021,4,39,RBS,53,
8/12/2021,4,39,DAT,54,
8/12/2021,4,39,DAT,63,
8/12/2021,4,39,DAT,55,
8/12/2021,4,39,DAT,58,
8/12/2021,4,39,DAT,60,
8/12/2021,4,39,DAT,45,
8/12/2021,4,39,DAT,65,
8/12/2021,4,39,LMB,50,
8/12/2021,4,39,BHC,50,
8/12/2021,4,39,BHC,35,
8/12/2021,4,39,BHC,56,
8/12/2021,4,40,CRC,46,
8/12/2021,4,40,CRC,51,
8/12/2021,4,40,CRC,44,
8/12/2021,4,40,CRC,42,
8/12/2021,4,40,BHC,43,
8/12/2021,4,40,BHC,38,
8/12/2021,4,40,BHC,27,
8/12/2021,4,40,DAT,45,
8/12/2021,4,40,DAT,44,
8/12/2021,4,40,DAT,47,
8/12/2021,4,41,LMB,62,
8/12/2021,4,41,DAT,46,
8/12/2021,4,41,DAT,60,
8/12/2021,4,41,DAT,65,
8/12/2021,4,41,BHC,47,
8/12/2021,4,41,CRC,45,
8/12/2021,4,41,Madtom,100,
8/12/2021,4,41,REDHORSE,57,
8/12/2021,4,42,GSF,43,
8/12/2021,4,42,RBS,58,
8/12/2021,4,42,RBS,49,
8/12/2021,4,42,RBS,40,
8/12/2021,4,42,Madtom,90,
8/12/2021,4,42,DAT,53,
8/12/2021,4,42,DAT,64,
8/12/2021,4,42,DAT,50,
8/12/2021,4,42,DAT,63,
8/12/2021,4,42,DAT,63,
8/12/2021,4,42,CRC,65,
8/12/2021,4,43,DAT,47,
8/12/2021,4,43,DAT,32,
8/12/2021,4,43,DAT,54,
8/12/2021,4,43,DAT,28,
8/12/2021,4,43,DAT,45,
8/12/2021,4,43,DAT,35,
8/12/2021,4,43,DAT,60,
8/12/2021,4,43,DAT,53,
8/12/2021,4,43,BHC,57,
8/12/2021,4,43,BHC,38,
8/12/2021,4,43,BHC,45,
8/12/2021,4,43,CRC,40,
8/12/2021,4,43,RBS,47,
8/12/2021,4,43,BHC,68,
11/13/2021,5,1,BHC,87,
11/13/2021,5,1,BHC,47,
11/13/2021,5,1,DAT,55,
11/13/2021,5,1,DAT,40,
11/13/2021,5,1,DAT,37,
11/13/2021,5,1,DAT,45,
11/13/2021,5,1,DAT,42,
11/13/2021,5,1,DAT,37,
11/13/2021,5,1,DAT,42,
11/13/2021,5,1,GSF,59,
11/13/2021,5,2,CRC,59,
11/13/2021,5,2,CRC,73,injured
11/13/2021,5,2,CRC,72,injured
11/13/2021,5,2,CRC,60,
11/13/2021,5,2,CRC,59,
11/13/2021,5,2,CRC,58,
11/13/2021,5,2,CRC,60,
11/13/2021,5,2,CRC,55,
11/13/2021,5,2,RBS,55,
11/13/2021,5,2,RBS,52,
11/13/2021,5,2,LMB,91,
11/13/2021,5,2,BHC,55,
11/13/2021,5,2,DAT,41,
11/13/2021,5,2,DAT,52,
11/13/2021,5,2,DAT,47,
11/13/2021,5,2,DAT,31,
11/13/2021,5,2,LOACH,92,
11/13/2021,5,3,CRC,61,
11/13/2021,5,3,CRC,57,
11/13/2021,5,3,CRC,50,
11/13/2021,5,3,CRC,52,
11/13/2021,5,3,BHC,45,
11/13/2021,5,3,BHC,42,
11/13/2021,5,3,BHC,42,
11/13/2021,5,3,BHC,47,
11/13/2021,5,3,BHC,52,
11/13/2021,5,3,DAT,35,
11/13/2021,5,3,DAT,35,
11/13/2021,5,3,DAT,37,
11/13/2021,5,3,DAT,42,
11/13/2021,5,4,LMB,233,
11/13/2021,5,4,DAT,35,
11/13/2021,5,5,GSF,57,
11/13/2021,5,5,RBS,45,
11/13/2021,5,5,Killifish,81,
11/13/2021,5,6,NA,NA,No fish
11/13/2021,5,7,BHC,55,
11/13/2021,5,7,BHC,50,
11/13/2021,5,7,DAT,46,
11/13/2021,5,7,Madtom,36,
11/13/2021,5,8,DAT,32,
11/13/2021,5,8,DAT,35,
11/13/2021,5,9,BHC,32,
11/13/2021,5,9,DAT,64,
11/13/2021,5,10,RBS,58,
11/13/2021,5,10,RBS,61,
11/13/2021,5,10,RBS,58,
11/13/2021,5,10,GSF,51,
11/13/2021,5,10,DACE,90,rosyside dace
11/13/2021,5,10,Madtom,112,
11/13/2021,5,10,Madtom,120,
11/13/2021,5,10,DAT,61,
11/13/2021,5,10,DAT,55,
11/13/2021,5,11,DAT,36,
11/13/2021,5,11,DAT,64,
11/13/2021,5,11,DAT,68,
11/13/2021,5,11,DAT,40,
11/13/2021,5,11,Madtom,100,
11/13/2021,5,12,GSF,41,
11/13/2021,5,12,RBS,53,
11/13/2021,5,13,LMB,75,
11/13/2021,5,13,DACE,91,rosyside dace
11/13/2021,5,14,BHC,53,
11/13/2021,5,14,BHC,52,
11/13/2021,5,14,BHC,51,
11/13/2021,5,14,BHC,57,
11/13/2021,5,14,DAT,43,
11/13/2021,5,14,DAT,62,
11/13/2021,5,14,DAT,64,
11/13/2021,5,14,DAT,40,
11/13/2021,5,14,DAT,47,
11/13/2021,5,14,DAT,58,
11/13/2021,5,14,DAT,37,
11/13/2021,5,14,DAT,68,
11/13/2021,5,15,CRC,58,
11/13/2021,5,15,CRC,59,
11/13/2021,5,15,GSF,45,
11/13/2021,5,15,DAT,53,
11/13/2021,5,15,DAT,41,
11/13/2021,5,15,DAT,45,
11/13/2021,5,15,DAT,53,
11/13/2021,5,15,DAT,45,
11/13/2021,5,15,DAT,52,
11/13/2021,5,15,DAT,40,
11/13/2021,5,15,LMB,66,
11/13/2021,5,16,CRC,57,
11/13/2021,5,16,CRC,58,
11/13/2021,5,16,DAT,68,
11/13/2021,5,16,DAT,70,
11/13/2021,5,16,DAT,60,
11/13/2021,5,16,DAT,60,
11/13/2021,5,16,DAT,41,
11/13/2021,5,16,DAT,38,
11/13/2021,5,17,CRC,52,
11/13/2021,5,17,CRC,51,
11/13/2021,5,17,BHC,42,
11/13/2021,5,17,DAT,48,
11/13/2021,5,17,DAT,60,
11/13/2021,5,17,DAT,68,
11/13/2021,5,17,DAT,52,
11/13/2021,5,17,DAT,60,
11/13/2021,5,17,DAT,33,
11/13/2021,5,17,DAT,56,
11/13/2021,5,17,DAT,40,
11/13/2021,5,17,DAT,41,
11/13/2021,5,18,DAT,48,
11/13/2021,5,18,DAT,66,
11/13/2021,5,18,DAT,62,
11/13/2021,5,19,GSF,48,
11/13/2021,5,19,CRC,52,
11/13/2021,5,20,CRC,55,
11/13/2021,5,20,CRC,57,
11/13/2021,5,20,BHC,67,dead
11/13/2021,5,20,CCS,80,creekchub sucker
11/13/2021,5,20,DAT,54,
11/13/2021,5,20,DAT,67,
11/13/2021,5,20,RBS,48,
11/13/2021,5,20,STJ,75,
11/14/2021,5,21,DAT,39,
11/14/2021,5,21,DAT,50,
11/14/2021,5,21,DAT,39,
11/14/2021,5,21,DAT,72,
11/14/2021,5,21,DAT,35,
11/14/2021,5,21,DAT,32,
11/14/2021,5,21,DAT,28,
11/14/2021,5,21,GSF,37,
11/14/2021,5,21,BHC,55,
11/14/2021,5,21,BHC,46,
11/14/2021,5,21,CRC,47,
11/14/2021,5,22,RBS,55,
11/14/2021,5,22,RBS,56,
11/14/2021,5,22,RBS,50,
11/14/2021,5,22,CRC,59,dead
11/14/2021,5,22,BHC,58,
11/14/2021,5,22,DAT,41,
11/14/2021,5,22,DAT,64,
11/14/2021,5,22,DAT,65,
11/14/2021,5,22,DAT,56,
11/14/2021,5,22,DAT,67,
11/14/2021,5,23,LMB,71,
11/14/2021,5,23,DAT,26,
11/14/2021,5,23,DAT,55,
11/14/2021,5,23,DAT,67,
11/14/2021,5,23,DAT,53,
11/14/2021,5,24,CRC,59,
11/14/2021,5,24,CRC,58,
11/14/2021,5,24,CRC,46,
11/14/2021,5,24,CRC,66,
11/14/2021,5,24,Killifish,76,
11/14/2021,5,24,BHC,50,
11/14/2021,5,24,BHC,50,
11/14/2021,5,24,DAT,60,
11/14/2021,5,24,DAT,41,
11/14/2021,5,24,DAT,51,
11/14/2021,5,24,DAT,36,
11/14/2021,5,25,DAT,35,
11/14/2021,5,25,DAT,33,
11/14/2021,5,25,LMB,75,
11/14/2021,5,26,DAT,56,
11/14/2021,5,26,RBS,50,
11/14/2021,5,27,DAT,59,
11/14/2021,5,27,DAT,32,
11/14/2021,5,27,DAT,33,
11/14/2021,5,27,DAT,60,
11/14/2021,5,27,DAT,51,
11/14/2021,5,28,DAT,32,
11/14/2021,5,28,DAT,35,
11/14/2021,5,28,DAT,36,
11/14/2021,5,28,DAT,36,
11/14/2021,5,28,CRC,42,
11/14/2021,5,28,CRC,54,
11/14/2021,5,28,STJ,59,
11/14/2021,5,28,BHC,31,
11/14/2021,5,29,CRC,58,
11/14/2021,5,29,CRC,54,
11/14/2021,5,29,CRC,52,
11/14/2021,5,29,CRC,59,
11/14/2021,5,29,CRC,58,
11/14/2021,5,29,CRC,47,
11/14/2021,5,29,CRC,55,
11/14/2021,5,29,CRC,46,
11/14/2021,5,29,Madtom,133,
11/14/2021,5,29,Madtom,86,
11/14/2021,5,29,Madtom,109,
11/14/2021,5,29,BHC,46,
11/14/2021,5,29,DAT,29,
11/14/2021,5,30,CRC,53,
11/14/2021,5,30,DAT,62,
11/14/2021,5,30,DAT,45,
11/14/2021,5,30,BHC,38,
11/14/2021,5,30,Madtom,136,
11/14/2021,5,31,DAT,37,
11/14/2021,5,31,CRC,56,
11/14/2021,5,31,CRC,54,
11/14/2021,5,31,BLG,55,
11/14/2021,5,31,BLG,56,
11/14/2021,5,32,GSF,50,
11/14/2021,5,32,DAT,35,
11/14/2021,5,32,DAT,55,
11/14/2021,5,32,DAT,70,
11/14/2021,5,32,DAT,54,
11/14/2021,5,32,BHC,48,
11/14/2021,5,32,CRC,51,
11/14/2021,5,33,CRC,43,
11/14/2021,5,33,Madtom,26,
11/14/2021,5,34,RBS,57,
11/14/2021,5,34,BLG,39,
11/14/2021,5,34,DAT,72,
11/14/2021,5,34,DAT,49,
11/14/2021,5,34,DAT,46,
11/14/2021,5,35,CCS,175,
11/14/2021,5,35,CCS,56,
11/14/2021,5,35,GSF,52,
11/14/2021,5,35,RBS,55,
11/14/2021,5,35,Shiner,55,
11/14/2021,5,36,DAT,27,
11/14/2021,5,38,DAT,48,
11/14/2021,5,38,DAT,62,
11/14/2021,5,38,DAT,37,
11/14/2021,5,38,DAT,40,
11/14/2021,5,39,DAT,58,
11/14/2021,5,39,DAT,51,
11/14/2021,5,39,CRC,52,
11/14/2021,5,39,CRC,54,
11/14/2021,5,39,CRC,54,
11/14/2021,5,39,BHC,53,
11/14/2021,5,39,BLG,57,
11/14/2021,5,40,DAT,56,
11/14/2021,5,40,DAT,32,
11/14/2021,5,40,DAT,55,
11/14/2021,5,40,DAT,42,
11/14/2021,5,40,DAT,35,
11/14/2021,5,40,DAT,67,
11/14/2021,5,40,DAT,45,
11/14/2021,5,40,DAT,52,
11/14/2021,5,40,DAT,57,
11/14/2021,5,40,DAT,58,
11/14/2021,5,40,DAT,47,
11/14/2021,5,40,DAT,51,
11/14/2021,5,41,GSF,59,
11/14/2021,5,41,DAT,55,
11/14/2021,5,41,DAT,52,
11/14/2021,5,41,CRC,58,
11/14/2021,5,41,CRC,90,dead
11/14/2021,5,41,CRC,59,
11/14/2021,5,42,Warmouth,90,
11/14/2021,5,42,RBS,47,
11/14/2021,5,42,RBS,55,
11/14/2021,5,42,RBS,47,
11/14/2021,5,42,Shiner,85,
11/14/2021,5,42,CRC,61,injured
11/14/2021,5,43,CRC,40,
11/14/2021,5,43,CRC,53,
11/14/2021,5,43,CRC,40,
11/14/2021,5,43,CRC,51,
11/14/2021,5,43,BHC,46,
11/14/2021,5,43,DAT,46,
11/14/2021,5,43,DAT,34,
11/14/2021,5,43,DAT,50,
11/14/2021,5,43,DAT,39,
11/14/2021,5,43,DAT,46,
2/12/2022,6,1,BHC,52,
2/12/2022,6,1,CRC,47,
2/12/2022,6,1,CRC,56,
2/12/2022,6,1,GSF,42,
2/12/2022,6,1,DAT,45,
2/12/2022,6,1,DAT,41,
2/12/2022,6,1,DAT,63,
2/12/2022,6,1,DAT,42,
2/12/2022,6,1,DAT,41,
2/12/2022,6,1,DAT,37,
2/12/2022,6,2,LMB,74,
2/12/2022,6,2,DAT,56,
2/12/2022,6,2,DAT,57,
2/12/2022,6,2,DAT,63,
2/12/2022,6,2,DAT,52,
2/12/2022,6,2,DAT,52,
2/12/2022,6,2,DAT,43,
2/12/2022,6,3,BHC,33,
2/12/2022,6,3,BHC,38,
2/12/2022,6,3,CRC,55,
2/12/2022,6,3,CRC,42,
2/12/2022,6,3,CRC,40,
2/12/2022,6,3,CRC,39,
2/12/2022,6,3,DAT,38,
2/12/2022,6,3,DAT,43,
2/12/2022,6,3,DAT,38,
2/12/2022,6,3,DAT,32,
2/12/2022,6,3,DAT,47,
2/12/2022,6,3,DAT,36,
2/12/2022,6,3,DAT,38,
2/12/2022,6,3,Madtom,47,
2/12/2022,6,3,DAT,42,
2/12/2022,6,3,DAT,43,
2/12/2022,6,3,DAT,40,
2/12/2022,6,3,DAT,62,
2/12/2022,6,3,DAT,38,
2/12/2022,6,3,DAT,38,
2/12/2022,6,4,NA,NA,No fish
2/12/2022,6,5,CRC,60,
2/12/2022,6,5,DAT,62,
2/12/2022,6,5,DAT,40,
2/12/2022,6,5,DAT,55,
2/12/2022,6,5,DAT,38,
2/12/2022,6,6,CCS,135,
2/12/2022,6,6,GSF,58,
2/12/2022,6,6,CRC,56,
2/12/2022,6,6,DAT,70,
2/12/2022,6,6,DAT,36,
2/12/2022,6,6,DAT,57,
2/12/2022,6,6,RBS,50,
2/12/2022,6,7,NA,NA,No fish
2/12/2022,6,8,DAT,59,
2/12/2022,6,8,DAT,31,
2/12/2022,6,9,DAT,65,
2/12/2022,6,9,DAT,60,
2/12/2022,6,9,CRC,57,
2/12/2022,6,10,DAT,61,
2/12/2022,6,10,DAT,52,
2/12/2022,6,10,DAT,62,
2/12/2022,6,10,DAT,47,
2/12/2022,6,10,BLG,66,injured
2/12/2022,6,10,CRC,38,
2/12/2022,6,11,BHC,37,
2/12/2022,6,12,DAT,52,
2/12/2022,6,12,DAT,53,
2/12/2022,6,12,CRC,55,
2/12/2022,6,12,CRC,59,
2/12/2022,6,12,LMB,72,
2/12/2022,6,12,GSF,57,
2/12/2022,6,13,DAT,71,
2/12/2022,6,13,DAT,66,
2/12/2022,6,13,DAT,48,
2/12/2022,6,13,DAT,50,
2/12/2022,6,13,DAT,41,
2/12/2022,6,13,Madtom,45,
2/12/2022,6,13,BLG,59,
2/12/2022,6,13,CRC,57,
2/12/2022,6,14,DAT,65,
2/12/2022,6,14,DAT,39,
2/12/2022,6,14,DAT,40,
2/12/2022,6,14,DAT,71,
2/12/2022,6,14,DAT,48,
2/12/2022,6,14,DAT,39,
2/12/2022,6,14,DAT,44,
2/12/2022,6,14,DAT,43,
2/12/2022,6,14,DAT,38,
2/12/2022,6,14,BHC,52,
2/12/2022,6,14,BHC,39,
2/12/2022,6,14,CRC,58,
2/12/2022,6,15,DAT,48,
2/12/2022,6,15,DAT,52,
2/12/2022,6,15,DAT,46,
2/12/2022,6,15,DAT,50,
2/12/2022,6,15,DAT,40,
2/12/2022,6,15,DAT,60,
2/12/2022,6,15,BHC,45,
2/12/2022,6,15,BHC,43,
2/12/2022,6,15,BHC,46,
2/12/2022,6,15,CRC,48,
2/12/2022,6,15,DAT,55,
2/12/2022,6,15,DAT,46,
2/12/2022,6,15,DAT,47,
2/12/2022,6,15,DAT,42,
2/12/2022,6,16,DAT,65,
2/12/2022,6,16,DAT,40,
2/12/2022,6,16,CRC,46,
2/12/2022,6,17,CRC,52,
2/12/2022,6,17,CRC,47,
2/12/2022,6,17,DAT,39,
2/12/2022,6,17,DAT,69,
2/12/2022,6,17,DAT,66,
2/12/2022,6,17,DAT,47,
2/12/2022,6,17,DAT,52,
2/12/2022,6,17,DAT,43,
2/12/2022,6,17,DAT,41,
2/12/2022,6,17,DAT,55,
2/12/2022,6,18,DAT,40,
2/12/2022,6,18,DAT,41,
2/12/2022,6,18,DAT,43,
2/12/2022,6,19,DAT,55,
2/12/2022,6,19,STJ,59,
2/12/2022,6,19,CRC,52,
2/12/2022,6,20,RBS,49,
2/12/2022,6,20,CRC,52,
2/12/2022,6,20,CRC,55,
2/12/2022,6,20,CRC,57,
2/12/2022,6,21,DAT,50,
2/12/2022,6,21,DAT,49,
2/12/2022,6,21,DAT,50,
2/12/2022,6,21,DAT,56,
2/12/2022,6,21,DAT,55,
2/12/2022,6,21,Killifish,66,
2/12/2022,6,21,CRC,57,
2/12/2022,6,22,GSF,49,
2/12/2022,6,22,GSF,55,
2/12/2022,6,22,DAT,41,
2/12/2022,6,22,DAT,51,
2/12/2022,6,22,DAT,60,
2/12/2022,6,22,DAT,67,
2/12/2022,6,22,DAT,56,
2/12/2022,6,22,DAT,52,
2/12/2022,6,22,DAT,54,
2/12/2022,6,23,GSF,40,
2/12/2022,6,23,DAT,65,
2/12/2022,6,23,DAT,74,
2/12/2022,6,23,DAT,64,
2/12/2022,6,23,DAT,42,
2/12/2022,6,23,DAT,60,
2/12/2022,6,23,DAT,40,
2/12/2022,6,23,DAT,51,
2/12/2022,6,23,DAT,54,
2/12/2022,6,23,DAT,52,
2/12/2022,6,23,Killifish,63,
2/12/2022,6,23,CRC,57,
2/12/2022,6,23,CRC,54,
2/12/2022,6,24,LMB,89,
2/12/2022,6,24,GSF,49,
2/12/2022,6,24,DAT,51,
2/12/2022,6,24,DAT,66,
2/12/2022,6,24,DAT,51,
2/12/2022,6,24,DAT,67,
2/12/2022,6,24,DAT,61,
2/12/2022,6,24,Shiner,60,
2/12/2022,6,24,CRC,57,
2/12/2022,6,25,BHC,42,
2/12/2022,6,25,BHC,52,
2/12/2022,6,25,BHC,49,
2/12/2022,6,25,BHC,38,
2/12/2022,6,25,DAT,65,
2/12/2022,6,25,DAT,38,
2/12/2022,6,25,CRC,47,
2/12/2022,6,25,GSF,49,
2/12/2022,6,26,DAT,54,
2/12/2022,6,26,DAT,38,
2/12/2022,6,26,DAT,37,
2/12/2022,6,26,DAT,57,
2/12/2022,6,26,DAT,54,
2/12/2022,6,27,DAT,45,
2/12/2022,6,27,DAT,34,
2/12/2022,6,28,CRC,50,
2/12/2022,6,28,CRC,49,
2/12/2022,6,28,CRC,41,
2/12/2022,6,28,CRC,59,
2/12/2022,6,28,CRC,45,
2/12/2022,6,28,DAT,48,
2/12/2022,6,28,DAT,55,
2/12/2022,6,28,DAT,41,
2/12/2022,6,29,CRC,41,
2/12/2022,6,29,CRC,59,
2/12/2022,6,29,CRC,55,
2/12/2022,6,29,CRC,54,
2/12/2022,6,29,CRC,52,
2/12/2022,6,29,CRC,55,
2/12/2022,6,29,Madtom,82,
2/12/2022,6,29,Madtom,101,
2/12/2022,6,29,Madtom,117,
2/12/2022,6,29,Madtom,43,
2/12/2022,6,29,Madtom,49,
2/12/2022,6,29,BHC,50,
2/12/2022,6,29,BHC,52,
2/12/2022,6,29,BHC,38,
2/12/2022,6,29,CRC,42,
2/12/2022,6,29,RBS,46,
2/12/2022,6,29,BLG,40,
2/12/2022,6,29,GSF,42,
2/12/2022,6,29,GSF,48,
2/12/2022,6,29,DAT,49,
2/12/2022,6,29,DAT,55,
2/12/2022,6,29,DAT,40,
2/12/2022,6,29,DAT,35,
2/12/2022,6,29,DAT,31,
2/12/2022,6,30,Madtom,105,
2/12/2022,6,30,Madtom,118,
2/12/2022,6,30,Madtom,55,
2/12/2022,6,30,DAT,52,
2/12/2022,6,30,DAT,40,
2/12/2022,6,30,DAT,49,
2/12/2022,6,30,BHC,50,
2/12/2022,6,30,CRC,53,
2/12/2022,6,30,CRC,55,
2/12/2022,6,30,CRC,55,
2/13/2022,6,31,BLG,42,
2/13/2022,6,31,RBS,59,
2/13/2022,6,31,CRC,52,
2/13/2022,6,31,BHC,48,
2/13/2022,6,32,CRC,56,
2/13/2022,6,32,CRC,57,
2/13/2022,6,32,GSF,52,
2/13/2022,6,32,DAT,65,
2/13/2022,6,32,DAT,68,
2/13/2022,6,32,DAT,42,
2/13/2022,6,33,NA,NA,No fish
2/13/2022,6,34,DAT,34,
2/13/2022,6,34,DAT,61,
2/13/2022,6,34,RBS,57,
2/13/2022,6,35,CCS,179,
2/13/2022,6,35,BLG,53,
2/13/2022,6,35,BLG,82,pop eye
2/13/2022,6,35,DAT,55,
2/13/2022,6,35,CRC,56,
2/13/2022,6,35,CRC,57,
2/13/2022,6,35,DACE,86,rosyside dace
2/13/2022,6,36,DAT,40,
2/13/2022,6,36,DAT,45,
2/13/2022,6,36,DAT,65,
2/13/2022,6,36,DAT,38,
2/13/2022,6,36,RBS,57,
2/13/2022,6,36,GSF,47,
2/13/2022,6,37,DAT,40,
2/13/2022,6,37,DAT,64,
2/13/2022,6,37,DAT,53,
2/13/2022,6,37,DAT,50,
2/13/2022,6,37,DAT,48,
2/13/2022,6,37,DAT,49,
2/13/2022,6,37,DAT,66,
2/13/2022,6,37,CCS,103,
2/13/2022,6,38,BHC,46,
2/13/2022,6,38,BHC,45,
2/13/2022,6,38,BHC,54,
2/13/2022,6,38,GSF,41,
2/13/2022,6,38,CRC,51,
2/13/2022,6,38,CRC,52,
2/13/2022,6,38,CRC,45,
2/13/2022,6,38,DAT,67,
2/13/2022,6,38,DAT,36,
2/13/2022,6,38,DAT,62,
2/13/2022,6,38,DAT,54,
2/13/2022,6,38,DAT,50,
2/13/2022,6,39,Madtom,104,
2/13/2022,6,39,GSF,55,
2/13/2022,6,39,CRC,34,
2/13/2022,6,39,CRC,50,
2/13/2022,6,39,CRC,41,
2/13/2022,6,39,DAT,47,
2/13/2022,6,39,DAT,45,
2/13/2022,6,39,DAT,36,
2/13/2022,6,39,DAT,50,
2/13/2022,6,39,DAT,40,
2/13/2022,6,39,DAT,56,
2/13/2022,6,39,DAT,55,
2/13/2022,6,39,DAT,35,
2/13/2022,6,39,DAT,38,
2/13/2022,6,39,DAT,36,
2/13/2022,6,39,DAT,41,
2/13/2022,6,40,DAT,57,
2/13/2022,6,40,DAT,65,
2/13/2022,6,41,Shiner,83,
2/13/2022,6,41,GSF,41,
2/13/2022,6,41,DAT,60,
2/13/2022,6,41,DAT,45,
2/13/2022,6,41,DAT,45,
2/13/2022,6,41,DAT,49,
2/13/2022,6,41,DAT,64,
2/13/2022,6,41,DAT,60,
2/13/2022,6,41,DAT,69,
2/13/2022,6,41,DAT,40,
2/13/2022,6,41,DAT,50,
2/13/2022,6,41,DAT,49,
2/13/2022,6,41,BHC,46,
2/13/2022,6,42,Madtom,85,
2/13/2022,6,42,Madtom,116,
2/13/2022,6,42,DAT,37,
2/13/2022,6,42,DAT,55,
2/13/2022,6,42,RBS,55,
2/13/2022,6,42,RBS,51,
2/13/2022,6,42,RBS,57,
2/13/2022,6,42,CRC,59,
2/13/2022,6,42,CRC,58,
2/13/2022,6,42,CRC,49,
2/13/2022,6,43,DAT,55,
2/13/2022,6,43,DAT,57,
2/13/2022,6,43,DAT,42,
2/13/2022,6,43,DAT,52,
2/13/2022,6,43,DAT,55,
2/13/2022,6,43,DAT,52,
2/13/2022,6,43,DAT,39,
2/13/2022,6,43,CRC,49,
2/13/2022,6,43,CRC,48,
2/13/2022,6,43,BHC,48,
5/3/2022,7,1,DAT,50,
5/3/2022,7,1,DAT,40,
5/3/2022,7,1,DAT,45,
5/3/2022,7,1,DAT,46,
5/3/2022,7,1,DAT,44,
5/3/2022,7,1,DAT,47,
5/3/2022,7,1,DAT,49,
5/3/2022,7,1,DAT,43,
5/3/2022,7,1,DAT,44,
5/3/2022,7,1,DAT,66,
5/3/2022,7,1,GSF,52,
5/3/2022,7,1,GSF,51,
5/3/2022,7,1,GSF,42,
5/3/2022,7,1,GSF,51,
5/3/2022,7,2,LMB,80,
5/3/2022,7,2,GSF,55,
5/3/2022,7,2,DAT,66,
5/3/2022,7,2,CRC,59,
5/3/2022,7,3,BLH,47,
5/3/2022,7,3,BLH,46,
5/3/2022,7,3,BLH,49,
5/3/2022,7,3,BLH,30,
5/3/2022,7,3,GSF,51,
5/3/2022,7,3,GSF,42,
5/3/2022,7,3,GSF,50,
5/3/2022,7,3,GSF,57,
5/3/2022,7,3,DAT,45,
5/3/2022,7,3,DAT,45,
5/3/2022,7,3,DAT,46,
5/3/2022,7,3,DAT,65,
5/3/2022,7,3,DAT,47,
5/3/2022,7,3,DAT,50,
5/3/2022,7,3,DAT,42,
5/3/2022,7,3,DAT,41,
5/3/2022,7,3,DAT,45,
5/3/2022,7,3,DAT,43,
5/3/2022,7,3,DAT,51,
5/3/2022,7,3,DAT,46,
5/3/2022,7,3,DAT,42,
5/3/2022,7,3,DAT,44,
5/3/2022,7,3,DAT,48,
5/3/2022,7,3,Madtom,42,
5/3/2022,7,3,Madtom,39,
5/3/2022,7,4,Madtom,127,
5/3/2022,7,4,GSF,45,
5/3/2022,7,4,GSF,46,
5/3/2022,7,4,GSF,46,
5/3/2022,7,4,DAT,52,
5/3/2022,7,4,DAT,52,
5/3/2022,7,4,CRC,70,Dead
5/3/2022,7,4,BHC,72,
5/3/2022,7,5,Madtom,134,
5/3/2022,7,5,CCS,114,
5/3/2022,7,5,DAT,69,
5/3/2022,7,5,DAT,42,
5/3/2022,7,5,DAT,55,
5/3/2022,7,5,DAT,48,
5/3/2022,7,5,RBS,59,
5/3/2022,7,5,GSF,60,
5/3/2022,7,5,GSF,54,
5/3/2022,7,5,GSF,52,
5/3/2022,7,6,GSF,57,
5/3/2022,7,6,GSF,59,
5/3/2022,7,6,GSF,50,
5/3/2022,7,6,GSF,43,
5/3/2022,7,6,GSF,51,
5/3/2022,7,6,DAT,62,
5/3/2022,7,6,Loach,155,
5/3/2022,7,7,DAT,52,
5/3/2022,7,7,DAT,55,
5/3/2022,7,8,Madtom,100,
5/3/2022,7,8,DAT,50,
5/3/2022,7,8,BHC,55,
5/3/2022,7,8,BHC,59,
5/3/2022,7,8,BHC,56,
5/3/2022,7,8,GSF,50,
5/3/2022,7,9,DAT,49,
5/3/2022,7,9,DAT,46,
5/3/2022,7,9,DAT,45,
5/3/2022,7,9,DAT,45,
5/3/2022,7,9,DAT,45,
5/3/2022,7,10,CCS,149,
5/3/2022,7,10,CCS,106,
5/3/2022,7,10,CCS,125,
5/3/2022,7,10,DAT,46,
5/3/2022,7,10,DAT,57,
5/3/2022,7,10,GSF,50,
5/3/2022,7,10,GSF,48,
5/3/2022,7,10,GSF,49,
5/3/2022,7,10,GSF,56,
5/3/2022,7,10,GSF,50,
5/3/2022,7,10,GSF,48,
5/3/2022,7,10,GSF,57,
5/3/2022,7,10,BLG,50,
5/3/2022,7,10,RBS,57,
5/3/2022,7,10,RBS,59,
5/3/2022,7,11,BHC,29,
5/3/2022,7,11,BHC,55,
5/3/2022,7,11,DAT,45,
5/3/2022,7,11,DAT,60,
5/3/2022,7,11,DAT,65,
5/3/2022,7,11,RBS,55,
5/3/2022,7,11,Madtom,89,
5/3/2022,7,12,DAT,54,
5/3/2022,7,12,DAT,55,
5/3/2022,7,12,DAT,54,
5/3/2022,7,12,CCS,139,
5/3/2022,7,12,GSF,48,
5/3/2022,7,12,GSF,53,
5/3/2022,7,12,GSF,57,
5/3/2022,7,12,GSF,49,
5/3/2022,7,12,GSF,45,
5/3/2022,7,12,BHC,57,
5/3/2022,7,13,DAT,58,
5/3/2022,7,13,DAT,53,
5/3/2022,7,13,GSF,54,
5/3/2022,7,14,DAT,60,
5/3/2022,7,14,DAT,47,
5/3/2022,7,14,DAT,52,
5/3/2022,7,14,DAT,55,
5/3/2022,7,14,DAT,57,
5/3/2022,7,14,DAT,61,
5/3/2022,7,14,DAT,47,
5/3/2022,7,14,DAT,45,
5/3/2022,7,14,DAT,53,
5/3/2022,7,14,DAT,54,
5/3/2022,7,14,DAT,57,
5/3/2022,7,14,DAT,52,
5/3/2022,7,14,DAT,48,
5/3/2022,7,14,DAT,57,
5/3/2022,7,14,DAT,70,
5/3/2022,7,14,Killifish,76,
5/3/2022,7,14,GSF,44,
5/3/2022,7,14,Madtom,47,
5/3/2022,7,14,Madtom,34,
5/3/2022,7,15,DAT,50,
5/3/2022,7,15,DAT,50,
5/3/2022,7,15,DAT,55,
5/3/2022,7,15,DAT,58,
5/3/2022,7,15,GSF,54,
5/3/2022,7,16,DAT,49,
5/3/2022,7,16,DAT,43,
5/3/2022,7,16,DAT,55,
5/3/2022,7,16,DAT,54,
5/3/2022,7,16,DAT,55,
5/3/2022,7,16,Madtom,125,
5/3/2022,7,17,DAT,50,
5/3/2022,7,17,DAT,49,
5/3/2022,7,17,DAT,52,
5/3/2022,7,17,DAT,50,
5/3/2022,7,17,GSF,46,
5/3/2022,7,18,DAT,42,
11/13/2021,7,19,NA,NA,No fish
5/3/2022,7,20,GSF,50,
5/3/2022,7,20,GSF,52,
5/3/2022,7,20,BHC,48,
5/3/2022,7,20,BHC,51,
5/3/2022,7,20,RBS,58,
5/3/2022,7,21,DAT,65,
5/3/2022,7,21,DAT,67,
5/3/2022,7,21,DAT,60,
5/3/2022,7,22,BHC,63,
5/3/2022,7,22,BHC,62,
5/3/2022,7,22,BHC,58,
5/3/2022,7,22,GSF,43,
5/3/2022,7,22,GSF,47,
5/3/2022,7,22,GSF,51,
5/3/2022,7,22,GSF,42,
5/3/2022,7,22,GSF,48,
5/3/2022,7,22,DAT,51,
5/3/2022,7,22,DAT,58,
5/3/2022,7,23,DAT,52,
5/3/2022,7,23,DAT,55,
5/3/2022,7,23,DAT,49,
5/3/2022,7,23,DAT,65,
5/3/2022,7,23,DAT,62,
5/3/2022,7,23,DAT,65,
5/3/2022,7,23,DAT,45,
5/3/2022,7,23,DAT,56,
5/3/2022,7,23,DAT,51,
5/3/2022,7,23,DAT,47,
5/3/2022,7,23,DAT,45,
5/3/2022,7,23,GSF,48,
5/3/2022,7,23,GSF,57,
5/3/2022,7,23,GSF,52,
5/3/2022,7,23,GSF,46,
5/3/2022,7,23,GSF,48,
5/3/2022,7,23,GSF,50,
5/3/2022,7,23,GSF,48,
5/3/2022,7,23,GSF,45,
5/3/2022,7,23,RBS,50,
5/3/2022,7,24,DAT,50,
5/3/2022,7,24,DAT,52,
5/3/2022,7,24,DAT,52,
5/3/2022,7,24,BLG,48,
5/3/2022,7,24,GSF,50,
5/3/2022,7,24,GSF,46,
5/3/2022,7,24,GSF,46,
5/3/2022,7,24,GSF,55,
5/3/2022,7,24,GSF,49,
5/3/2022,7,24,BHC,55,
5/4/2022,7,25,DAT,50,
5/4/2022,7,25,CRC,58,
5/4/2022,7,26,DAT,46,
5/4/2022,7,26,DAT,50,
5/4/2022,7,26,DAT,45,
5/4/2022,7,26,DAT,55,
5/4/2022,7,26,DAT,42,
5/4/2022,7,26,Madtom,140,
5/4/2022,7,26,BHC,34,
5/4/2022,7,26,GSF,46,
5/4/2022,7,27,Madtom,45,
5/4/2022,7,27,DAT,45,
5/4/2022,7,27,DAT,40,
5/4/2022,7,27,DAT,49,
5/4/2022,7,27,BHC,35,
5/4/2022,7,28,CRC,55,
5/4/2022,7,28,DAT,50,
5/4/2022,7,28,DAT,45,
5/4/2022,7,28,DAT,50,
5/4/2022,7,28,DAT,51,
5/4/2022,7,28,Madtom,52,
5/4/2022,7,29,DAT,55,
5/4/2022,7,29,DAT,59,
5/4/2022,7,29,DAT,51,
5/4/2022,7,29,DAT,44,
5/4/2022,7,29,DAT,43,
5/4/2022,7,29,DAT,43,
5/4/2022,7,29,GSF,45,
5/4/2022,7,30,Madtom,136,
5/4/2022,7,30,Madtom,125,
5/4/2022,7,30,GSF,52,
5/4/2022,7,30,GSF,51,
5/4/2022,7,30,GSF,47,
5/4/2022,7,31,GSF,55,
5/4/2022,7,31,GSF,52,
5/4/2022,7,31,GSF,42,
5/4/2022,7,31,GSF,49,
5/4/2022,7,32,DAT,55,
5/4/2022,7,32,DAT,55,
5/4/2022,7,32,DAT,56,
5/4/2022,7,32,DAT,51,
5/4/2022,7,32,DAT,45,
5/4/2022,7,32,GSF,50,
5/4/2022,7,32,GSF,44,
5/4/2022,7,32,GSF,42,
5/4/2022,7,32,BHC,57,
5/4/2022,7,33,DAT,54,
5/4/2022,7,33,DAT,42,
5/4/2022,7,33,GSF,47,
5/4/2022,7,34,GSF,58,
5/4/2022,7,34,DAT,49,
5/4/2022,7,34,DAT,52,
5/4/2022,7,34,DAT,58,
5/4/2022,7,34,DAT,45,
5/4/2022,7,34,DAT,48,
5/4/2022,7,35,GSF,47,
5/4/2022,7,35,RBS,55,
5/4/2022,7,36,DAT,57,
5/4/2022,7,37,Shiner,91,
5/4/2022,7,37,BHC,67,Dead
5/4/2022,7,38,DAT,41,
5/4/2022,7,38,DAT,60,
5/4/2022,7,38,DAT,53,
5/4/2022,7,38,DAT,50,
5/4/2022,7,38,DAT,62,
5/4/2022,7,38,DAT,55,
5/4/2022,7,39,DAT,45,
5/4/2022,7,39,DAT,49,
5/4/2022,7,39,CRC,48,
5/4/2022,7,39,CRC,56,
5/4/2022,7,39,CRC,48,
5/4/2022,7,39,BHC,37,
5/4/2022,7,39,GSF,49,
5/4/2022,7,39,Madtom,99,
5/4/2022,7,40,DAT,46,
5/4/2022,7,40,DAT,47,
5/4/2022,7,40,DAT,50,
5/4/2022,7,40,DAT,55,
5/4/2022,7,40,DAT,54,
5/4/2022,7,40,DAT,15,
5/4/2022,7,40,DAT,55,
5/4/2022,7,40,DAT,50,
5/4/2022,7,40,DAT,45,
5/4/2022,7,40,DAT,59,
5/4/2022,7,40,DAT,43,
5/4/2022,7,41,DAT,68,
5/4/2022,7,41,DAT,41,
5/4/2022,7,41,DAT,67,
5/4/2022,7,41,DAT,64,
5/4/2022,7,41,DAT,43,
5/4/2022,7,42,Madtom,74,
5/4/2022,7,42,Madtom,110,
5/4/2022,7,42,Madtom,45,
5/4/2022,7,42,DAT,60,
5/4/2022,7,42,DAT,68,
5/4/2022,7,42,DAT,51,
5/4/2022,7,42,DAT,54,
5/4/2022,7,42,GSF,59,
5/4/2022,7,42,GSF,54,
5/4/2022,7,42,GSF,52,
5/4/2022,7,42,RBS,59,
5/4/2022,7,42,BLG,49,
5/4/2022,7,42,Loach,110,
5/4/2022,7,43,Madtom,115,
5/4/2022,7,43,Madtom,69,
5/4/2022,7,43,GSF,52,
5/4/2022,7,43,GSF,51,
5/4/2022,7,43,GSF,58,
5/4/2022,7,43,GSF,52,
5/4/2022,7,43,RBS,53,
5/4/2022,7,43,DAT,58,
5/4/2022,7,43,DAT,57,
5/4/2022,7,43,DAT,51,
5/4/2022,7,43,DAT,52,
5/4/2022,7,43,DAT,46,
5/4/2022,7,43,BHC,56,
5/4/2022,7,43,CRC,63,
5/4/2022,7,43,CRC,64,Dead
8/6/2022,8,1,DAT,61,
8/6/2022,8,1,DAT,54,
8/6/2022,8,1,DAT,56,
8/6/2022,8,1,EMF,51,mosquitofish 
8/6/2022,8,2,LMB,40,
8/6/2022,8,2,DAT,52,
8/6/2022,8,2,DAT,51,
8/6/2022,8,2,DAT,53,
8/6/2022,8,2,CCS,135,creekchub sucker
8/6/2022,8,2,BHC,77,Dead
8/6/2022,8,3,DAT,22,
8/6/2022,8,3,DAT,24,
8/6/2022,8,3,DAT,32,
8/6/2022,8,3,DAT,46,
8/6/2022,8,3,DAT,36,
8/6/2022,8,3,DAT,30,
8/6/2022,8,3,DAT,35,
8/6/2022,8,3,DAT,33,
8/6/2022,8,3,DAT,48,
8/6/2022,8,3,DAT,31,
8/6/2022,8,3,DAT,61,
8/6/2022,8,3,DAT,32,
8/6/2022,8,3,DAT,56,
8/6/2022,8,3,DAT,45,
8/6/2022,8,3,DAT,40,
8/6/2022,8,3,DAT,58,
8/6/2022,8,3,DAT,31,
8/6/2022,8,3,DAT,32,
8/6/2022,8,3,DAT,50,
8/6/2022,8,3,DAT,49,
8/6/2022,8,3,DAT,50,
8/6/2022,8,3,DAT,52,
8/6/2022,8,3,DAT,56,
8/6/2022,8,3,DAT,44,
8/6/2022,8,3,DAT,46,
8/6/2022,8,3,Madtom,35,
8/6/2022,8,3,LMB,62,
8/6/2022,8,4,DAT,40,
8/6/2022,8,4,DAT,36,
8/6/2022,8,4,DAT,56,
8/6/2022,8,4,DAT,54,
8/6/2022,8,4,LMB,55,
8/6/2022,8,4,CRC,85,dead
8/6/2022,8,5,DAT,55,
8/6/2022,8,5,DAT,56,
8/6/2022,8,5,DAT,62,
8/6/2022,8,5,LMB,71,
8/6/2022,8,5,LMB,76,
8/6/2022,8,6,DAT,54,
8/6/2022,8,6,DAT,60,
8/6/2022,8,7,DAT,55,
8/6/2022,8,7,DAT,27,
8/6/2022,8,7,DAT,55,
8/6/2022,8,7,DAT,32,
8/6/2022,8,8,DAT,45,
8/6/2022,8,8,BHC,75,dead
8/6/2022,8,9,Madtom,75,
8/6/2022,8,9,DAT,50,
8/6/2022,8,9,DAT,62,
8/6/2022,8,9,Killifish,75,
8/6/2022,8,10,CRC,97,dead
8/6/2022,8,11,DAT,45,
8/6/2022,8,11,DAT,56,
8/6/2022,8,11,DAT,60,
8/6/2022,8,11,LMB,39,
8/6/2022,8,11,LMB,43,
8/6/2022,8,11,LMB,71,
8/6/2022,8,12,LMB,47,
8/6/2022,8,13,NA,NA,No fish
8/6/2022,8,14,Madtom,95,
8/6/2022,8,14,Madtom,89,
8/6/2022,8,14,DAT,54,
8/6/2022,8,14,DAT,51,
8/6/2022,8,14,DAT,39,
8/6/2022,8,14,DAT,59,
8/6/2022,8,14,DAT,55,
8/6/2022,8,14,DAT,50,
8/6/2022,8,14,DAT,58,
8/6/2022,8,14,LMB,34,
8/6/2022,8,14,LMB,35,
8/6/2022,8,14,Killifish,51,
8/6/2022,8,14,BHC,70,dead
8/6/2022,8,15,DAT,30,
8/6/2022,8,15,DAT,61,
8/6/2022,8,15,DAT,50,
8/6/2022,8,15,DAT,35,
8/6/2022,8,15,DAT,54,
8/6/2022,8,15,DAT,32,
8/6/2022,8,15,DAT,34,
8/6/2022,8,15,DAT,40,
8/6/2022,8,15,DAT,33,
8/6/2022,8,15,DAT,50,
8/6/2022,8,15,DAT,57,
8/6/2022,8,15,LMB,54,
8/6/2022,8,15,LMB,70,
8/6/2022,8,15,Madtom,72,
8/6/2022,8,16,DAT,38,
8/6/2022,8,16,DAT,60,
8/6/2022,8,16,DAT,61,
8/6/2022,8,16,DAT,40,
8/6/2022,8,16,DAT,50,
8/6/2022,8,16,DAT,62,
8/6/2022,8,16,DAT,31,
8/6/2022,8,16,DAT,65,
8/6/2022,8,16,DAT,33,
8/6/2022,8,16,BHC,74,dead
8/6/2022,8,17,LMB,61,
8/6/2022,8,17,DAT,50,
8/6/2022,8,17,DAT,55,
8/6/2022,8,17,DAT,61,
8/6/2022,8,17,DAT,30,
8/6/2022,8,18,LMB,61,
8/6/2022,8,18,DAT,62,
8/6/2022,8,18,DAT,60,
8/6/2022,8,18,DAT,34,
8/6/2022,8,18,DAT,59,
8/6/2022,8,18,DAT,52,
8/6/2022,8,19,DAT,55,
8/6/2022,8,20,Madtom,127,
8/6/2022,8,21,LMB,95,
8/6/2022,8,21,DAT,49,
8/6/2022,8,21,DAT,48,
8/6/2022,8,21,DAT,60,
8/6/2022,8,21,Madtom,82,
8/6/2022,8,22,DAT,55,
8/6/2022,8,22,DAT,51,
8/6/2022,8,23,DAT,48,
8/6/2022,8,23,DAT,58,
8/6/2022,8,23,DAT,58,
8/6/2022,8,23,LMB,45,
8/6/2022,8,24,LMB,58,
8/6/2022,8,24,DAT,50,
8/6/2022,8,24,DAT,50,
8/6/2022,8,24,DAT,49,
8/6/2022,8,24,DAT,50,
8/6/2022,8,24,DAT,28,
8/7/2022,8,25,DAT,32,
8/7/2022,8,25,DAT,26,
8/7/2022,8,25,DAT,30,
8/7/2022,8,26,DAT,60,
8/7/2022,8,26,DAT,52,
8/7/2022,8,26,DAT,55,
8/7/2022,8,26,DAT,20,
8/7/2022,8,26,Madtom,80,
8/7/2022,8,27,DAT,45,
8/7/2022,8,27,DAT,55,
8/7/2022,8,27,DAT,48,
8/7/2022,8,27,DAT,57,
8/7/2022,8,27,DAT,41,
8/7/2022,8,27,DAT,42,
8/7/2022,8,28,DAT,47,
8/7/2022,8,29,Madtom,120,
8/7/2022,8,29,Madtom,116,
8/7/2022,8,29,LMB,61,
8/7/2022,8,29,LMB,48,
8/7/2022,8,30,DAT,55,
8/7/2022,8,30,DAT,61,
8/7/2022,8,30,BHC,75,
8/7/2022,8,30,STJ,56,
8/7/2022,8,30,Madtom,81,
8/7/2022,8,30,Madtom,75,
8/7/2022,8,30,Madtom,95,
8/7/2022,8,31,DAT,30,
8/7/2022,8,31,LMB,40,
8/7/2022,8,31,LMB,40,
8/7/2022,8,31,Madtom,115,
8/7/2022,8,32,DAT,59,
8/7/2022,8,33,DAT,32,
8/7/2022,8,33,DAT,60,
8/7/2022,8,33,DAT,64,
8/7/2022,8,33,Madtom,76,
8/7/2022,8,34,NA,NA,No fish
8/7/2022,8,35,BLG,55,
8/7/2022,8,35,LMB,70,
8/7/2022,8,35,DAT,52,
8/7/2022,8,36,DAT,67,
8/7/2022,8,37,Madtom,84,
8/7/2022,8,37,Madtom,76,
8/7/2022,8,37,DAT,58,
8/7/2022,8,37,DAT,60,
8/7/2022,8,37,DAT,55,
8/7/2022,8,37,DAT,38,
8/7/2022,8,38,DAT,54,
8/7/2022,8,38,DAT,52,
8/7/2022,8,38,DAT,56,
8/7/2022,8,38,DAT,56,
8/7/2022,8,38,Madtom,79,
8/7/2022,8,38,Madtom,76,
8/7/2022,8,39,LMB,45,
8/7/2022,8,39,DAT,53,
8/7/2022,8,39,DAT,58,
8/7/2022,8,39,DAT,52,
8/7/2022,8,39,DAT,47,
8/7/2022,8,39,DAT,52,
8/7/2022,8,39,DAT,60,
8/7/2022,8,40,DAT,46,
8/7/2022,8,40,DAT,32,
8/7/2022,8,40,DAT,57,
8/7/2022,8,40,DAT,32,
8/7/2022,8,40,DAT,35,
8/7/2022,8,40,DAT,27,
8/7/2022,8,40,Madtom,37,
8/7/2022,8,40,Madtom,52,
8/7/2022,8,41,DAT,61,
8/7/2022,8,41,DAT,48,
8/7/2022,8,41,DAT,48,
8/7/2022,8,42,DAT,60,
8/7/2022,8,42,DAT,50,
8/7/2022,8,42,DAT,57,
8/7/2022,8,43,LMB,61,
8/7/2022,8,43,LMB,144,
8/7/2022,8,43,LMB,42,
8/7/2022,8,43,DAT,58,
8/7/2022,8,43,DAT,52,
8/7/2022,8,43,BHC,72,dead
12/7/2022,9,1,DAT,49,
12/7/2022,9,1,DAT,53,
12/7/2022,9,1,DAT,61,
12/7/2022,9,2,DAT,50,
12/7/2022,9,2,DAT,69,
12/7/2022,9,2,DAT,46,
12/7/2022,9,2,DAT,40,
12/7/2022,9,2,LMB,74,
12/7/2022,9,2,LMB,55,
12/7/2022,9,3,DAT,42,
12/7/2022,9,3,DAT,56,
12/7/2022,9,3,DAT,41,
12/7/2022,9,3,DAT,44,
12/7/2022,9,3,DAT,41,
12/7/2022,9,3,DAT,42,
12/7/2022,9,3,DAT,47,
12/7/2022,9,3,CRC,36,
12/7/2022,9,3,CRC,43,
12/7/2022,9,3,BHC,35,
12/7/2022,9,3,BHC,27,
12/7/2022,9,3,BHC,49,
12/7/2022,9,4,DAT,74,
12/7/2022,9,5,DAT,47,
12/7/2022,9,5,DAT,48,
12/7/2022,9,5,DAT,55,
12/7/2022,9,6,DAT,60,
12/7/2022,9,6,DAT,60,
12/7/2022,9,7,NA,NA,No fish
12/7/2022,9,8,DAT,70,
12/7/2022,9,8,DAT,44,
12/7/2022,9,8,LMB,54,
12/7/2022,9,9,NA,NA,No fish
12/7/2022,9,10,STJ,64,
12/7/2022,9,10,BHC,34,
12/7/2022,9,10,BHC,36,
12/7/2022,9,11,DAT,50,
12/7/2022,9,12,DAT,50,
12/7/2022,9,12,DAT,50,
12/7/2022,9,12,DAT,46,
12/7/2022,9,12,DAT,55,
12/7/2022,9,13,Killifish,89,
12/7/2022,9,13,LMB,52,
12/7/2022,9,14,DAT,53,
12/7/2022,9,14,DAT,42,
12/7/2022,9,14,BHC,42,
12/7/2022,9,14,BHC,40,
12/7/2022,9,15,CRC,52,
12/7/2022,9,15,CRC,56,
12/7/2022,9,15,DAT,53,
12/7/2022,9,15,DAT,50,
12/7/2022,9,15,DAT,55,
12/7/2022,9,15,DAT,49,
12/7/2022,9,15,DAT,55,
12/7/2022,9,15,LMB,66,
12/7/2022,9,15,LMB,57,
12/7/2022,9,15,BHC,41,
12/7/2022,9,15,BHC,50,
12/7/2022,9,16,DAT,42,
12/7/2022,9,16,DAT,53,
12/7/2022,9,16,CRC,55,
12/7/2022,9,16,BHC,41,
12/7/2022,9,16,BHC,45,
12/7/2022,9,16,BHC,40,
12/7/2022,9,16,BHC,45,
12/7/2022,9,16,Killifish,45,
12/7/2022,9,17,BHC,55,
12/7/2022,9,17,DAT,45,
12/7/2022,9,17,DAT,57,
12/7/2022,9,17,DAT,55,
12/7/2022,9,17,DAT,55,
12/7/2022,9,17,DAT,52,
12/7/2022,9,17,DAT,59,
12/7/2022,9,17,DAT,45,
12/7/2022,9,17,DAT,41,
12/7/2022,9,18,DAT,57,
12/7/2022,9,18,DAT,44,
12/7/2022,9,19,DAT,51,
12/7/2022,9,19,DAT,45,
12/7/2022,9,19,DAT,37,
12/7/2022,9,19,DAT,32,
12/7/2022,9,19,BHC,40,
12/7/2022,9,20,DAT,40,
12/7/2022,9,20,DAT,70,
12/7/2022,9,20,DAT,30,
12/7/2022,9,20,LMB,50,
12/7/2022,9,21,DAT,57,
12/7/2022,9,21,DAT,55,
12/7/2022,9,21,LMB,75,
12/7/2022,9,21,BHC,45,
12/7/2022,9,21,BHC,40,
12/7/2022,9,21,BHC,40,
12/7/2022,9,22,LMB,62,
12/7/2022,9,22,DAT,59,
12/7/2022,9,22,DAT,62,
12/7/2022,9,22,DAT,72,
12/7/2022,9,22,DAT,55,
12/7/2022,9,22,CRC,59,
12/7/2022,9,22,CRC,55,
12/7/2022,9,23,BHC,55,
12/7/2022,9,23,DAT,55,
12/7/2022,9,23,Killifish,45,
12/7/2022,9,24,DAT,67,
12/7/2022,9,24,DAT,60,
12/7/2022,9,24,CRC,55,
12/7/2022,9,25,DAT,36,
12/7/2022,9,26,DAT,55,
12/7/2022,9,26,DAT,54,
12/7/2022,9,26,CRC,59,
12/7/2022,9,27,BHC,47,
12/7/2022,9,27,BHC,45,
12/7/2022,9,27,DAT,35,
12/7/2022,9,28,CRC,45,
12/7/2022,9,28,CRC,50,
12/7/2022,9,28,BHC,55,
12/7/2022,9,29,LMB,49,
12/7/2022,9,29,LMB,69,
12/7/2022,9,29,LMB,62,
12/7/2022,9,29,DAT,66,
12/7/2022,9,29,DAT,42,
12/7/2022,9,29,DAT,49,
12/7/2022,9,29,BHC,45,
12/7/2022,9,29,CRC,59,
12/7/2022,9,29,CRC,55,
12/7/2022,9,29,CRC,56,
12/7/2022,9,29,CRC,57,
12/7/2022,9,29,CRC,55,
12/7/2022,9,29,CRC,54,
12/8/2022,9,30,CRC,59,
12/8/2022,9,30,DAT,70,
12/8/2022,9,31,LMB,76,
12/8/2022,9,32,Madtom,115,
12/8/2022,9,32,BHC,44,
12/8/2022,9,32,BHC,45,
12/8/2022,9,32,CRC,53,
12/8/2022,9,32,DAT,71,
12/8/2022,9,32,LMB,62,
12/8/2022,9,33,BHC,39,
12/8/2022,9,33,CRC,49,
12/8/2022,9,34,NA,NA,No fish
12/8/2022,9,35,CCS,85,
12/8/2022,9,36,DAT,62,
12/8/2022,9,36,CRC,38,
12/8/2022,9,36,Killifish,49,
12/8/2022,9,37,DAT,45,
12/8/2022,9,37,BLG,55,
12/8/2022,9,37,LMB,66,
12/8/2022,9,38,DAT,56,
12/8/2022,9,38,DAT,65,
12/8/2022,9,39,DAT,69,
12/8/2022,9,39,DAT,45,
12/8/2022,9,39,DAT,60,
12/8/2022,9,39,LMB,82,
12/8/2022,9,39,BHC,40,
12/8/2022,9,40,NA,NA,No fish
12/8/2022,9,41,DAT,38,
12/8/2022,9,41,CRC,58,
12/8/2022,9,42,DAT,60,
12/8/2022,9,42,CRC,55,
12/8/2022,9,42,LMB,81,
12/8/2022,9,42,BHC,46,
12/8/2022,9,42,BHC,53,
12/8/2022,9,43,STJ,59,
12/8/2022,9,43,DAT,63,
12/8/2022,9,43,Shiner,80,
2/16/2023,10,1,DAT,50,
2/16/2023,10,1,DAT,47,
2/16/2023,10,1,DAT,46,
2/16/2023,10,1,DAT,70,
2/16/2023,10,1,DAT,40,
2/16/2023,10,1,DAT,52,
2/16/2023,10,1,DAT,46,
2/16/2023,10,1,DAT,60,
2/16/2023,10,1,DAT,61,
2/16/2023,10,1,DAT,59,
2/16/2023,10,1,DAT,44,
2/16/2023,10,1,DAT,36,
2/16/2023,10,1,DAT,54,
2/16/2023,10,1,DAT,45,
2/16/2023,10,1,DAT,42,
2/16/2023,10,2,DAT,44,
2/16/2023,10,2,DAT,65,
2/16/2023,10,2,DAT,55,
2/16/2023,10,2,DAT,41,
2/16/2023,10,2,DAT,43,
2/16/2023,10,2,DAT,63,
2/16/2023,10,2,CRC,58,
2/16/2023,10,3,BHC,33,
2/16/2023,10,3,BHC,44,
2/16/2023,10,3,BHC,35,
2/16/2023,10,3,DAT,44,
2/16/2023,10,3,DAT,41,
2/16/2023,10,3,DAT,46,
2/16/2023,10,3,DAT,40,
2/16/2023,10,3,DAT,36,
2/16/2023,10,3,DAT,45,
2/16/2023,10,3,DAT,67,
2/16/2023,10,3,DAT,45,
2/16/2023,10,3,DAT,46,
2/16/2023,10,3,DAT,41,
2/16/2023,10,3,DAT,43,
2/16/2023,10,3,DAT,47,
2/16/2023,10,3,DAT,52,
2/16/2023,10,3,DAT,45,
2/16/2023,10,3,CRC,38,
2/16/2023,10,3,CRC,45,
2/16/2023,10,3,CRC,43,
2/16/2023,10,3,CRC,50,
2/16/2023,10,4,DAT,52,
2/16/2023,10,4,DAT,46,
2/16/2023,10,5,MADTOM,120,
2/16/2023,10,5,Yellow Bullhead,49,
2/16/2023,10,5,GSF,44,
2/16/2023,10,5,GSF,31,
2/16/2023,10,5,DAT,56,
2/16/2023,10,5,DAT,40,
2/16/2023,10,5,DAT,42,
2/16/2023,10,5,DAT,45,
2/16/2023,10,5,DAT,46,
2/16/2023,10,5,DAT,57,
2/16/2023,10,5,Killifish,81,
2/16/2023,10,6,DAT,62,
2/16/2023,10,6,DAT,44,
2/16/2023,10,6,DAT,52,
2/16/2023,10,7,DAT,65,
2/16/2023,10,7,DAT,42,
2/16/2023,10,7,DAT,74,
2/16/2023,10,7,DAT,74,
2/16/2023,10,8,DAT,50,
2/16/2023,10,9,DAT,66,
2/16/2023,10,9,DAT,37,
2/16/2023,10,9,CRC,56,
2/16/2023,10,9,CRC,46,
2/16/2023,10,9,CRC,52,
2/16/2023,10,10,DAT,71,
2/16/2023,10,10,DAT,55,
2/16/2023,10,10,CRC,55,
2/16/2023,10,11,DAT,56,
2/16/2023,10,12,DAT,67,
2/16/2023,10,12,DAT,65,
2/16/2023,10,12,DAT,45,
2/16/2023,10,12,DAT,57,
2/16/2023,10,12,DAT,60,
2/16/2023,10,12,DAT,67,
2/16/2023,10,12,DAT,55,
2/16/2023,10,12,Shiner,80,
2/16/2023,10,13,LMB,50,
2/16/2023,10,13,Yellow Bullhead,194,
2/16/2023,10,14,MADTOM,35,
2/16/2023,10,14,DAT,47,
2/16/2023,10,14,DAT,55,
2/16/2023,10,14,DAT,45,
2/16/2023,10,14,DAT,53,
2/16/2023,10,14,DAT,38,
2/16/2023,10,14,DAT,55,
2/16/2023,10,14,DAT,60,
2/16/2023,10,14,DAT,45,
2/16/2023,10,14,DAT,45,
2/16/2023,10,14,DAT,62,
2/16/2023,10,14,DAT,49,
2/16/2023,10,14,DAT,40,
2/16/2023,10,14,BHC,30,
2/16/2023,10,14,Killifish,46,
2/16/2023,10,14,Killifish,54,
2/16/2023,10,14,Killifish,89,
2/16/2023,10,15,LMB,65,
2/16/2023,10,15,BHC,45,
2/16/2023,10,15,BHC,40,
2/16/2023,10,15,BHC,45,
2/16/2023,10,16,DAT,44,
2/16/2023,10,16,DAT,57,
2/16/2023,10,16,BHC,49,
2/16/2023,10,16,BHC,40,
2/16/2023,10,16,BHC,39,
2/16/2023,10,16,BHC,41,
2/16/2023,10,16,CRC,50,
2/16/2023,10,17,DAT,55,
2/16/2023,10,17,DAT,57,
2/16/2023,10,17,DAT,59,
2/16/2023,10,17,DAT,48,
2/16/2023,10,17,DAT,59,
2/16/2023,10,17,DAT,40,
2/16/2023,10,17,DAT,61,
2/16/2023,10,18,DAT,68,
2/16/2023,10,18,DAT,45,
2/16/2023,10,18,DAT,43,
2/16/2023,10,18,DAT,50,
2/16/2023,10,19,DAT,69,
2/16/2023,10,20,DAT,56,
2/16/2023,10,20,DAT,55,
2/16/2023,10,20,GSF,38,
2/16/2023,10,21,DAT,59,
2/16/2023,10,21,DAT,56,
2/16/2023,10,21,DAT,31,
2/16/2023,10,21,DAT,40,
2/16/2023,10,21,DAT,75,
2/16/2023,10,21,DAT,59,
2/16/2023,10,22,LMB,75,
2/16/2023,10,22,DAT,60,
2/16/2023,10,22,DAT,44,
2/16/2023,10,22,DAT,55,
2/16/2023,10,22,DAT,47,
2/16/2023,10,22,DAT,41,
2/16/2023,10,22,DAT,44,
2/16/2023,10,22,DAT,43,
2/16/2023,10,22,DAT,37,
2/16/2023,10,23,CRC,59,
2/16/2023,10,23,LMB,65,
2/16/2023,10,23,DAT,56,
2/16/2023,10,23,DAT,44,
2/16/2023,10,23,DAT,45,
2/16/2023,10,23,DAT,45,
2/16/2023,10,23,DAT,71,
2/16/2023,10,23,DAT,69,
2/16/2023,10,23,DAT,52,
2/16/2023,10,23,DAT,46,
2/16/2023,10,23,DAT,70,
2/16/2023,10,24,DAT,56,
2/16/2023,10,24,DAT,51,
2/16/2023,10,24,DAT,55,
2/16/2023,10,24,DAT,42,
2/16/2023,10,24,DAT,70,
2/16/2023,10,24,DAT,60,
2/16/2023,10,24,DAT,48,
2/16/2023,10,24,DAT,59,
2/16/2023,10,24,DAT,40,
2/16/2023,10,24,Killifish,45,
2/16/2023,10,24,CRC,55,
2/16/2023,10,24,CRC,51,
2/16/2023,10,25,CRC,57,
2/16/2023,10,25,Mosquito Fish,41,
2/16/2023,10,25,DAT,53,
2/16/2023,10,25,DAT,67,
2/16/2023,10,26,DAT,44,
2/16/2023,10,26,DAT,45,
2/16/2023,10,27,DAT,54,
2/16/2023,10,27,DAT,54,
2/16/2023,10,27,BHC,39,
2/16/2023,10,28,DAT,51,
2/16/2023,10,28,BHC,37,
2/16/2023,10,29,DAT,50,
2/16/2023,10,29,BHC,53,
2/16/2023,10,29,BHC,46,
2/16/2023,10,29,BHC,33,
2/16/2023,10,29,CRC,41,
2/16/2023,10,29,CRC,50,
2/16/2023,10,29,CRC,35,
2/16/2023,10,30,DAT,52,
2/16/2023,10,30,CRC,56,
2/16/2023,10,30,BHC,42,
2/18/2023,10,31,DAT,35,
2/18/2023,10,31,GSF,52,
2/18/2023,10,32,CRC,55,
2/18/2023,10,32,CRC,59,
2/18/2023,10,32,BHC,40,
2/18/2023,10,33,NA,NA,No fish
2/18/2023,10,34,NA,NA,No fish
2/18/2023,10,35,LMB,63,
2/18/2023,10,36,NA,NA,No fish
2/18/2023,10,37,NA,NA,No fish
2/18/2023,10,38,DAT,55,
2/18/2023,10,38,DAT,50,
2/18/2023,10,38,DAT,40,
2/18/2023,10,38,DAT,35,
2/18/2023,10,39,NA,NA,No fish
2/18/2023,10,40,DAT,55,
2/18/2023,10,40,DAT,37,
2/18/2023,10,40,DAT,35,
2/18/2023,10,41,NA,NA,No fish
2/18/2023,10,42,DAT,70,
2/18/2023,10,42,DAT,60,
2/18/2023,10,42,DAT,40,
2/18/2023,10,43,BHC,47,
2/18/2023,10,43,BHC,30,
5/11/2023,11,1,CRC,60,
5/11/2023,11,1,DAT,56,
5/11/2023,11,1,DAT,60,
5/11/2023,11,1,DAT,49,
5/11/2023,11,1,DAT,61,
5/11/2023,11,1,DAT,66,
5/11/2023,11,1,DAT,56,
5/11/2023,11,1,DAT,64,
5/11/2023,11,1,DAT,52,
5/11/2023,11,1,LMB,67,
5/11/2023,11,1,BHC,58,
5/11/2023,11,1,DAT,54,
5/11/2023,11,1,DAT,46,
5/11/2023,11,1,DAT,52,
5/11/2023,11,2,DAT,44,
5/11/2023,11,2,DAT,46,
5/11/2023,11,3,DAT,58,
5/11/2023,11,3,DAT,69,
5/11/2023,11,3,DAT,65,
5/11/2023,11,3,DAT,59,
5/11/2023,11,3,BHC,45,
5/11/2023,11,3,BHC,45,
5/11/2023,11,3,BHC,46,
5/11/2023,11,3,BHC,46,
5/11/2023,11,3,Killifish,39,
5/11/2023,11,3,DAT,50,
5/11/2023,11,3,DAT,41,
5/11/2023,11,3,DAT,68,
5/11/2023,11,3,DAT,63,
5/11/2023,11,3,DAT,54,
5/11/2023,11,3,DAT,52,
5/11/2023,11,3,DAT,61,
5/11/2023,11,4,DAT,75,
5/11/2023,11,4,DAT,51,
5/11/2023,11,4,GSF,41,
5/11/2023,11,4,BHC,55,
5/11/2023,11,5,DAT,60,
5/11/2023,11,5,DAT,45,
5/11/2023,11,5,DAT,48,
5/11/2023,11,5,DAT,48,
5/11/2023,11,5,DAT,50,
5/11/2023,11,5,DAT,65,
5/11/2023,11,5,DAT,58,
5/11/2023,11,5,DAT,51,
5/11/2023,11,5,DAT,70,
5/11/2023,11,5,GSF,39,
5/11/2023,11,6,DAT,49,
5/11/2023,11,6,DAT,48,
5/11/2023,11,6,DAT,50,
5/11/2023,11,6,GSF,53,
5/11/2023,11,7,DAT,55,
5/11/2023,11,7,DAT,66,
5/11/2023,11,7,DAT,62,
5/11/2023,11,7,DAT,61,
5/11/2023,11,7,DAT,61,
5/11/2023,11,7,DAT,48,
5/11/2023,11,7,DAT,48,
5/11/2023,11,7,DAT,60,
5/11/2023,11,7,DAT,53,
5/11/2023,11,8,DAT,52,
5/11/2023,11,8,DAT,60,
5/11/2023,11,8,DAT,40,
5/11/2023,11,9,CRC,59,
5/11/2023,11,9,CRC,44,
5/11/2023,11,9,CRC,51,
5/11/2023,11,9,BHC,49,
5/11/2023,11,9,DAT,49,
5/11/2023,11,9,DAT,53,
5/11/2023,11,9,Killifish,39,
5/11/2023,11,10,CRC,62,
5/11/2023,11,10,DACE,91,rosyside dace
5/11/2023,11,10,DAT,48,
5/11/2023,11,10,DAT,52,
5/11/2023,11,10,DAT,72,
5/11/2023,11,10,DAT,68,
5/11/2023,11,10,DAT,68,
5/11/2023,11,10,DAT,52,
5/11/2023,11,10,CCS,83,creekchub sucker
5/11/2023,11,11,DAT,70,
5/11/2023,11,11,DAT,72,
5/11/2023,11,11,killifish,55,
5/11/2023,11,12,LMB,102,
5/11/2023,11,12,GSF,52,
5/11/2023,11,12,DAT,48,
5/11/2023,11,12,DAT,52,
5/11/2023,11,12,DAT,61,
5/11/2023,11,12,DAT,48,
5/11/2023,11,12,DAT,47,
5/11/2023,11,12,DAT,47,
5/11/2023,11,13,madtom,135,
5/11/2023,11,13,DAT,55,
5/11/2023,11,13,DAT,69,
5/11/2023,11,13,DAT,63,
5/11/2023,11,13,DAT,49,
5/11/2023,11,14,DAT,69,
5/11/2023,11,14,DAT,62,
5/11/2023,11,14,DAT,51,
5/11/2023,11,14,DAT,71,
5/11/2023,11,14,BHC,51,
5/11/2023,11,14,BHC,52,
5/11/2023,11,14,DAT,68,
5/11/2023,11,14,DAT,52,
5/11/2023,11,14,DAT,63,
5/11/2023,11,14,DAT,71,
5/11/2023,11,14,DAT,71,
5/11/2023,11,14,DAT,60,
5/11/2023,11,14,DAT,52,
5/11/2023,11,14,DAT,66,
5/11/2023,11,14,DAT,65,
5/11/2023,11,14,DAT,51,
5/11/2023,11,14,DAT,52,
5/11/2023,11,14,DAT,53,
5/11/2023,11,14,DAT,41,
5/11/2023,11,14,CRC,56,
5/11/2023,11,15,DAT,44,
5/11/2023,11,15,DAT,60,
5/11/2023,11,15,DAT,57,
5/11/2023,11,15,CRC,58,
5/11/2023,11,16,DAT,43,
5/11/2023,11,16,DAT,56,
5/11/2023,11,16,DAT,69,
5/11/2023,11,16,DAT,60,
5/11/2023,11,16,DAT,55,
5/11/2023,11,16,DAT,46,
5/11/2023,11,16,DAT,58,
5/11/2023,11,17,DAT,49,
5/11/2023,11,17,DAT,70,
5/11/2023,11,17,DAT,53,
5/11/2023,11,17,DAT,61,
5/11/2023,11,17,CRC,51,
5/11/2023,11,17,CRC,44,
5/11/2023,11,17,DAT,62,
5/11/2023,11,17,DAT,57,
5/11/2023,11,17,DAT,45,
5/11/2023,11,17,DAT,45,
5/11/2023,11,17,DAT,53,
5/11/2023,11,17,DAT,48,
5/11/2023,11,17,DAT,47,
5/11/2023,11,18,DAT,61,
5/11/2023,11,18,DAT,57,
5/11/2023,11,18,DAT,57,
5/11/2023,11,19,DAT,75,
5/11/2023,11,20,BHC,58,
5/11/2023,11,20,BHC,62,
5/11/2023,11,20,CRC,59,
5/11/2023,11,20,LMB,66,
5/11/2023,11,20,DAT,58,
5/11/2023,11,20,GSF,57,
5/11/2023,11,21,DAT,50,
5/11/2023,11,21,DAT,63,
5/11/2023,11,21,DAT,52,
5/11/2023,11,21,DAT,60,
5/11/2023,11,21,DAT,67,
5/11/2023,11,21,DAT,60,
5/11/2023,11,22,DAT,56,
5/11/2023,11,22,DAT,58,
5/11/2023,11,22,DAT,42,
5/11/2023,11,22,DAT,46,
5/11/2023,11,22,DAT,56,
5/11/2023,11,22,DAT,51,
5/11/2023,11,22,DAT,55,
5/11/2023,11,22,CRC,58,
5/11/2023,11,22,BHC,46,
5/11/2023,11,22,BHC,59,
5/11/2023,11,23,DAT,47,
5/11/2023,11,23,DAT,52,
5/11/2023,11,23,DAT,55,
5/11/2023,11,23,DAT,67,
5/11/2023,11,23,DAT,50,
5/11/2023,11,23,DAT,59,
5/11/2023,11,23,DAT,49,
5/11/2023,11,23,DAT,50,
5/11/2023,11,23,DAT,56,
5/11/2023,11,23,DAT,47,
5/11/2023,11,23,DAT,45,
5/11/2023,11,23,CRC,50,
5/11/2023,11,24,DAT,48,
5/12/2023,11,25,DAT,62,
5/12/2023,11,25,GSF,32,
5/12/2023,11,26,DAT,47,
5/12/2023,11,26,DAT,50,
5/12/2023,11,26,DAT,55,
5/12/2023,11,26,BHC,53,
5/12/2023,11,27,DAT,56,
5/12/2023,11,27,DAT,60,
5/12/2023,11,27,DAT,59,
5/12/2023,11,28,DAT,68,
5/12/2023,11,28,DAT,61,
5/12/2023,11,28,DAT,45,
5/12/2023,11,29,DAT,63,
5/12/2023,11,29,DAT,43,
5/12/2023,11,29,DAT,66,
5/12/2023,11,29,DAT,54,
5/12/2023,11,29,DAT,43,
5/12/2023,11,29,DAT,55,
5/12/2023,11,29,DAT,73,
5/12/2023,11,29,DAT,45,
5/12/2023,11,29,GSF,36,
5/12/2023,11,29,BHC,41,
5/12/2023,11,30,DAT,57,
5/12/2023,11,30,DAT,48,
5/12/2023,11,30,DAT,47,
5/12/2023,11,30,CRC,52,
5/12/2023,11,30,BHC,40,
5/12/2023,11,31,DAT,58,
5/12/2023,11,31,DAT,57,
5/12/2023,11,31,GSF,51,
5/12/2023,11,31,GSF,43,
5/12/2023,11,32,DAT,44,
5/12/2023,11,32,DAT,55,
5/12/2023,11,32,CRC,59,
5/12/2023,11,33,DAT,55,
5/12/2023,11,33,DAT,51,
5/12/2023,11,33,DAT,52,
5/12/2023,11,33,BHC,37,
5/12/2023,11,33,BHC,40,
5/12/2023,11,33,BLG,59,
5/12/2023,11,34,BLG,59,
5/12/2023,11,34,DAT,52,
5/12/2023,11,34,DAT,51,
5/12/2023,11,34,DAT,35,
5/12/2023,11,34,DAT,57,
5/12/2023,11,34,DAT,56,
5/12/2023,11,34,DAT,66,
5/12/2023,11,35,DAT,52,
5/12/2023,11,35,DAT,46,
5/12/2023,11,35,GSF,44,
5/12/2023,11,35,GSF,42,
5/12/2023,11,35,LMB,71,
5/12/2023,11,35,LMB,71,
5/12/2023,11,35,BLG,46,
5/12/2023,11,35,BLG,48,
5/12/2023,11,35,RBS,45,
5/12/2023,11,36,N/A,N/A,NO FISH
5/12/2023,11,37,DAT,48,
5/12/2023,11,37,DAT,47,
5/12/2023,11,37,DAT,53,
5/12/2023,11,37,DAT,49,
5/12/2023,11,37,DAT,53,
5/12/2023,11,37,DAT,54,
5/12/2023,11,37,BHC,55,
5/12/2023,11,37,BHC,49,
5/12/2023,11,37,BHC,57,
5/12/2023,11,38,DAT,45,
5/12/2023,11,38,DAT,60,
5/12/2023,11,38,DAT,46,
5/12/2023,11,38,DAT,70,
5/12/2023,11,38,DAT,43,
5/12/2023,11,39,DAT,40,
5/12/2023,11,39,DAT,48,
5/12/2023,11,39,DAT,59,
5/12/2023,11,39,CRC,56,
5/12/2023,11,39,BHC,58,
5/12/2023,11,40,DAT,65,
5/12/2023,11,40,DAT,58,
5/12/2023,11,40,DAT,62,
5/12/2023,11,40,DAT,59,
5/12/2023,11,40,BHC,52,
5/12/2023,11,41,DAT,40,
5/12/2023,11,41,DAT,69,
5/12/2023,11,41,DAT,58,
5/12/2023,11,41,DAT,50,
5/12/2023,11,41,DAT,55,
5/12/2023,11,41,DAT,45,
5/12/2023,11,41,DAT,69,
5/12/2023,11,41,GSF,39,
5/12/2023,11,42,DAT,59,
5/12/2023,11,42,DAT,67,
5/12/2023,11,42,DAT,49,
5/12/2023,11,42,DAT,46,
5/12/2023,11,42,DAT,46,
5/12/2023,11,42,GSF,35,
5/12/2023,11,42,GSF,55,
5/12/2023,11,42,CRC,59,
5/12/2023,11,42,BHC,55,
5/12/2023,11,42,BHC,59,
5/12/2023,11,42,LMB,64,
5/12/2023,11,43,DAT,47,
5/12/2023,11,43,DAT,55,
5/12/2023,11,43,DAT,48,
5/12/2023,11,43,DAT,62,
5/12/2023,11,43,DAT,49,
5/12/2023,11,43,DAT,59,
5/12/2023,11,43,DAT,58,
5/12/2023,11,43,DAT,51,
5/12/2023,11,43,DAT,58,
5/12/2023,11,43,DAT,50,
5/12/2023,11,43,DAT,56,
5/12/2023,11,43,CRC,46,
5/12/2023,11,43,CRC,46,
5/12/2023,11,43,CRC,45,